PRIMARY_TAG,Date,Well,OilDay,Injgas,AnnulusA,AnnulusB,WHP,WaterDay,Choke,TotLiq,,
0,01-01-2015 00:00,A,67,5918.509157,68.03641963,78.42936992,28.87263889,0,10,67,,
8,02-01-2015 00:00,A,67,5921.934777,67.29963194,78.10724948,28.83534722,0,11,67,,
16,03-01-2015 00:00,A,66,5946.132794,67.26075634,77.40065321,28.78625,0,11,66,,
24,04-01-2015 00:00,A,66,5950.207,68.01932637,76.18234528,28.74413602,0,11,66,,
32,05-01-2015 00:00,A,66,5880.352341,68.03384182,74.71154472,28.76013889,0,11,66,,
40,06-01-2015 00:00,A,66,5873.647671,67.89195848,76.03252093,28.75659722,0,11,66,,61.49
48,07-01-2015 00:00,A,66,5868.843361,67.40210077,75.63780277,28.85930556,0,11,66,,74
56,08-01-2015 00:00,A,66,5898.130726,67.84576627,76.02537565,28.7388619,0,11,66,,24
64,09-01-2015 00:00,A,66,5907.288963,67.40661919,76.40020151,28.69729167,0,11,66,,62
72,10-01-2015 00:00,A,66,5949.695424,67.35254944,76.53075192,28.71294452,0,10,66,,
80,11-01-2015 00:00,A,66,5928.005783,67.71990048,75.53648545,28.61952278,0,10,66,,-0.244406207
88,12-01-2015 00:00,A,68,5901.328351,68.1967086,76.87234024,28.58930556,0,10,68,,
96,13-01-2015 00:00,A,68,5974.698381,67.91617813,76.97863337,28.67340278,0,8,68,,
104,14-01-2015 00:00,A,68,5899.173002,67.65669787,76.02135237,28.62,0,8,68,,
112,15-01-2015 00:00,A,68,5875.539716,67.97461785,75.41382588,28.64559334,0,8,68,,
120,16-01-2015 00:00,A,68,5873.341897,68.20705252,74.21809125,28.61375,0,8,68,,
128,17-01-2015 00:00,A,68,5907.532922,67.96233818,73.86932292,28.45729167,0,8,68,,
136,18-01-2015 00:00,A,68,5889.833488,68.30180736,75.68855685,28.36030534,0,8,68,,
144,19-01-2015 00:00,A,68,5949.316526,67.85252165,77.38865525,28.42847222,0,8,68,,
151,20-01-2015 00:00,A,68,5879.74877,67.40856113,76.20196184,28.53527778,0,8,68,,
158,21-01-2015 00:00,A,68,5983.19322,67.90451263,74.62387142,29.41076389,0,8,68,,
165,22-01-2015 00:00,A,68,5981.315706,67.85627434,73.63956312,29.39541139,0,8,68,,
172,23-01-2015 00:00,A,68,5900.657446,67.48807465,74.6713224,28.52743056,0,8,68,,
179,24-01-2015 00:00,A,68,5891.787378,67.42586732,74.69305185,28.54574022,0,8,68,,
186,25-01-2015 00:00,A,66,5910.445176,67.48663531,73.80478267,28.4979021,0,8,66,,
193,26-01-2015 00:00,A,66,5970.170455,67.63694692,75.2775186,28.44705066,0,8,66,,
200,27-01-2015 00:00,A,66,5907.625184,68.30789188,75.78096651,28.42659722,0,8,66,,
207,28-01-2015 00:00,A,66,5967.137338,67.70690703,74.90926527,28.46215278,0,8,66,,
214,29-01-2015 00:00,A,66,5900.336312,68.3965093,74.20924833,28.32449688,0,8,66,,
221,30-01-2015 00:00,A,66,5960.899851,67.88449264,75.74435775,28.31784722,0,8,66,,
228,31-01-2015 00:00,A,66,5920.620818,68.35846959,77.10878836,28.33229167,0,8,66,,
235,01-02-2015 00:00,A,66,5973.902166,68.2001809,77.00216189,28.40215128,0,8,66,,
242,02-02-2015 00:00,A,66,5923.086053,68.03031302,76.32558112,28.39069444,0,8,66,,
249,03-02-2015 00:00,A,66,5936.324891,68.40939664,75.78246358,28.34708333,0,8,66,,
256,04-02-2015 00:00,A,66,5925.226278,67.79839295,74.52488458,28.30333333,0,8,66,,
263,05-02-2015 00:00,A,66,5942.958775,67.47717445,74.26687804,28.35634976,0,8,66,,
270,06-02-2015 00:00,A,66,5912.058399,67.48050612,75.49188433,28.12006944,0,8,66,,
277,07-02-2015 00:00,A,66,5914.058863,68.27612851,74.08071674,28.08048611,0,8,66,,
284,08-02-2015 00:00,A,66,5897.485421,68.03228249,76.75572443,28.07640527,0,8,66,,
291,09-02-2015 00:00,A,66,5908.521313,67.67799141,76.78751914,28.10722222,0,8,66,,
298,10-02-2015 00:00,A,66,5915.402999,68.13903424,76.96128184,27.92291667,0,8,66,,
305,11-02-2015 00:00,A,74,6599.107948,68.23984059,76.5589998,27.50582929,0,8,74,,
312,12-02-2015 00:00,A,70,6958.560258,67.97127205,75.23522795,27.31138889,0,8,70,,
319,13-02-2015 00:00,A,70,6957.992655,67.47951829,79.13313258,27.40430556,0,8,70,,
326,14-02-2015 00:00,A,70,6937.576063,67.67321742,78.24952009,27.34330326,0,8,70,,
333,15-02-2015 00:00,A,70,6896.904985,67.94304856,76.67276154,27.31430556,0,8,70,,
340,16-02-2015 00:00,A,70,6885.219917,67.44351295,75.07092516,26.90277778,0,8,70,,
347,17-02-2015 00:00,A,70,6933.70796,67.58513081,74.44812511,27.1333796,0,8,70,,
354,18-02-2015 00:00,A,70,6907.639628,67.69207717,76.47198543,27.00854167,0,8,70,,
361,19-02-2015 00:00,A,70,6977.484702,67.97446092,79.64572687,27.22895833,0,8,70,,
368,20-02-2015 00:00,A,70,6908.632,67.94998486,76.63047318,27.14302568,0,8,70,,
375,21-02-2015 00:00,A,70,6886.815175,67.24193328,76.99033082,26.96972222,0,8,70,,
382,22-02-2015 00:00,A,70,6956.362929,67.25083746,77.96316896,27.18770833,0,8,70,,
389,23-02-2015 00:00,A,70,6913.296151,68.04306145,79.07450031,27.28841083,0,8,70,,
396,24-02-2015 00:00,A,70,6962.057746,67.12580178,77.49512536,27.303125,0,8,70,,
403,25-02-2015 00:00,A,70,6937.562674,68.04757836,78.15524384,27.21333333,0,8,70,,
410,26-02-2015 00:00,A,70,6882.624353,67.93939202,79.63460268,27.30451389,0,8,70,,
417,27-02-2015 00:00,A,70,6882.802559,67.53005705,79.09999038,27.51721027,0,8,70,,
424,28-02-2015 00:00,A,70,6919.807881,68.03411591,75.95191072,27.66548611,0,8,70,,
431,01-03-2015 00:00,A,70,6939.443173,67.11129914,75.12229982,27.60541667,0,8,70,,
438,02-03-2015 00:00,A,70,6878.135025,67.18147242,76.87825098,27.58119362,0,8,70,,
446,03-03-2015 00:00,A,67,6944.674004,67.25491563,76.13206313,27.58138889,0,8,67,,
454,04-03-2015 00:00,A,67,6874.438386,67.01282415,74.09949173,27.28520833,0,8,67,,
462,05-03-2015 00:00,A,67,6909.89498,67.91564526,77.91388876,27.29319917,0,8,67,,
470,06-03-2015 00:00,A,67,6965.182617,67.63240047,80.60685596,27.45944444,0,8,67,,
478,07-03-2015 00:00,A,67,6944.357424,67.78578223,79.91366138,27.52784722,0,8,67,,
486,08-03-2015 00:00,A,67,6864.531008,67.26231072,78.07022577,27.45954198,0,8,67,,
494,09-03-2015 00:00,A,67,6930.848862,67.72929507,78.61238471,27.34534722,0,8,67,,
502,10-03-2015 00:00,A,67,6937.477676,67.03027898,78.5119667,27.33520833,0,8,67,,
510,11-03-2015 00:00,A,67,6905.355729,67.32276103,79.0723753,27.36439972,0,8,67,,
518,12-03-2015 00:00,A,66,6879.379866,67.75743272,78.03629094,27.30993056,0,8,66,,
526,13-03-2015 00:00,A,66,6864.856479,67.08999555,76.97347642,27.06680556,0,8,66,,
534,14-03-2015 00:00,A,66,6944.737239,67.57726024,76.91693428,27.08945177,0,8,66,,
542,15-03-2015 00:00,A,66,6890.281499,67.44142126,75.91346053,27.16395833,0,8,66,,
550,16-03-2015 00:00,A,66,6932.485952,67.00955884,75.58470233,26.92090278,0,8,66,,
558,17-03-2015 00:00,A,66,6926.674781,67.01603385,76.10486063,26.52852186,0,8,66,,
566,18-03-2015 00:00,A,66,6917.411538,67.09225794,76.42500058,26.81201389,0,8,66,,
574,19-03-2015 00:00,A,66,6896.179835,67.02622872,77.58220248,26.96701389,0,8,66,,
582,20-03-2015 00:00,A,66,6903.475675,67.81084099,77.9560824,26.83795975,0,8,66,,
590,21-03-2015 00:00,A,66,6901.845225,66.95043811,76.70025898,26.84781098,0,8,66,,
598,22-03-2015 00:00,A,66,6908.134241,67.15438304,76.8238477,26.65361111,0,8,66,,
606,23-03-2015 00:00,A,66,6934.909586,67.46925467,76.4710682,26.63958333,0,8,66,,
614,24-03-2015 00:00,A,66,6884.748262,67.7413721,76.44838227,26.68584316,0,8,66,,
622,25-03-2015 00:00,A,66,6943.725264,67.30262534,75.67695845,26.63555556,0,8,66,,
630,26-03-2015 00:00,A,66,6889.767273,67.90229428,75.0997037,26.55840278,0,8,66,,
638,27-03-2015 00:00,A,65,6966.87766,67.56323435,74.20498326,26.66127689,0,8,65,,
646,28-03-2015 00:00,A,65,6979.654017,68.02607963,74.94061019,26.55847222,0,8,65,,
654,29-03-2015 00:00,A,65,6958.110633,67.85212611,73.85668043,26.59152778,0,8,65,,
662,30-03-2015 00:00,A,65,6909.013057,67.35694248,73.33260355,26.50145732,0,8,65,,
670,31-03-2015 00:00,A,65,6904.990756,67.92351858,75.06071538,26.49416667,0,8,65,,
677,01-04-2015 00:00,A,65,6913.609508,67.41743873,76.10456337,26.60131944,0,8,65,,
684,02-04-2015 00:00,A,65,6968.150513,67.7620898,75.24162831,26.59724837,0,8,65,,
691,03-04-2015 00:00,A,65,6968.408204,67.69184452,76.55607822,26.66861111,0,8,65,,
698,04-04-2015 00:00,A,65,6895.480506,68.13440615,77.15694561,27.03729167,0,8,65,,
706,05-04-2015 00:00,A,65,6927.824223,67.99397594,73.99565081,26.57265788,0,8,65,,
714,06-04-2015 00:00,A,65,7188.016347,65.65749143,73.16235611,26.11513889,0,8,65,,
722,07-04-2015 00:00,A,67,8446.615252,66.3629014,78.91531159,26.99388889,0,8,67,,
730,08-04-2015 00:00,A,67,8439.902974,67.281836,78.12787652,27.30938804,0,8,67,,
738,09-04-2015 00:00,A,67,7655.614023,70.20134617,84.49289031,30.69569444,0,8,67,,
746,10-04-2015 00:00,A,67,6934.991802,67.81540787,85.87597157,29.31777778,0,8,67,,
754,11-04-2015 00:00,A,67,6904.627663,66.7172958,81.28355384,28.42486111,0,8,67,,
762,12-04-2015 00:00,A,70,6936.379729,65.7235451,78.74259501,28.07210271,0,8,70,,
770,13-04-2015 00:00,A,70,6977.236358,65.76282325,78.43557893,27.93631944,0,8,70,,
777,14-04-2015 00:00,A,70,6888.84029,64.97707932,76.86756455,27.74611111,0,8,70,,
783,15-04-2015 00:00,A,70,6889.09336,64.84056574,75.72291912,27.62097222,0,8,70,,
789,16-04-2015 00:00,A,70,6918.650988,65.52222035,77.49000577,28.11380985,0,8,70,,
797,17-04-2015 00:00,A,70,6932.385833,64.92368289,73.87141127,26.82659722,0,8,70,,
805,18-04-2015 00:00,A,70,6944.643093,65.14326608,74.01116297,27.39104167,0,8,70,,
813,19-04-2015 00:00,A,70,6968.004714,64.66462372,77.26393385,27.80090215,0,8,70,,
821,20-04-2015 00:00,A,70,6913.935812,64.51697777,77.41312681,27.70465278,0,8,70,,
829,21-04-2015 00:00,A,70,6956.461237,63.95490757,75.34407055,27.33805556,0,8,70,,
837,22-04-2015 00:00,A,70,6927.755788,63.80875325,74.622091,27.15493056,0,8,70,,
844,23-04-2015 00:00,A,70,6912.44942,64.28090229,74.07097721,27.04205413,0,8,70,,
852,24-04-2015 00:00,A,70,6922.449778,63.47461531,73.11074579,26.95625,0,8,70,,
860,25-04-2015 00:00,A,67,6961.500726,63.6917525,72.38045355,26.68458333,0,8,67,,
868,26-04-2015 00:00,A,67,6880.127747,63.76519155,71.65376656,26.49923611,0,8,67,,
876,27-04-2015 00:00,A,67,6928.44735,63.21379054,70.83647302,26.42081888,0,8,67,,
884,28-04-2015 00:00,A,67,6949.642797,63.58469515,70.86084651,26.39541667,0,8,67,,
892,29-04-2015 00:00,A,67,6930.15518,63.15912452,74.75089216,26.28673611,0,8,67,,
900,30-04-2015 00:00,A,67,6946.050002,63.09355578,72.86819495,26.26773074,0,8,67,,
907,01-05-2015 00:00,A,67,6895.673799,62.96835558,73.48154914,26.17708333,0,8,67,,
915,02-05-2015 00:00,A,67,6964.377403,62.89107331,76.58396996,26.15791667,0,8,67,,
923,03-05-2015 00:00,A,67,6967.315807,62.72280637,74.99378929,26.13479167,0,8,67,,
931,04-05-2015 00:00,A,65,6895.087843,63.48840307,74.45177921,25.84177654,0,8,65,,
939,05-05-2015 00:00,A,65,6927.946341,63.65797118,69.56401476,25.85354167,0,8,65,,
947,06-05-2015 00:00,A,65,6950.746531,63.20547988,70.04904916,25.86569444,0,8,65,,
955,07-05-2015 00:00,A,65,6942.542541,64.11999679,74.25608428,26.14993056,0,8,65,,
963,08-05-2015 00:00,A,65,6992.097909,63.16176844,76.13984278,26.07980569,0,8,65,,
971,09-05-2015 00:00,A,65,6916.062999,63.12667305,76.17556506,25.9135,0,8,65,,
979,10-05-2015 00:00,A,65,6910.299324,63.00007096,75.2451524,25.845625,0,8,65,,
987,11-05-2015 00:00,A,65,6955.314367,63.00350146,73.7394606,25.85284722,0,8,65,,
995,12-05-2015 00:00,A,64,6911.077576,63.75612128,73.86619451,25.79479167,0,8,64,,
1003,13-05-2015 00:00,A,61,6780.130457,63.66835842,71.50199548,25.78063845,0,8,61,,
1011,14-05-2015 00:00,A,62,6921.926402,62.76878442,75.08861651,25.56395833,0,8,62,,
1019,15-05-2015 00:00,A,62,6916.206111,62.76894477,77.20755832,25.66243056,0,8,62,,
1027,16-05-2015 00:00,A,62,7012.865303,62.85685857,77.59073346,25.76125,0,8,62,,
1035,17-05-2015 00:00,A,62,6956.683446,62.81159792,75.6946197,25.82095767,0,8,62,,
1043,18-05-2015 00:00,A,62,7000.648177,63.40908556,77.37044365,25.56763889,0,8,62,,
1051,19-05-2015 00:00,A,62,6970.218539,62.90741847,78.80459851,25.8412754,0,8,62,,
1059,20-05-2015 00:00,A,62,6882.044865,62.98005327,77.44068141,25.59145833,0,8,62,,
1067,21-05-2015 00:00,A,62,6941.706443,62.61967703,77.04054589,25.52498265,0,8,62,,
1075,22-05-2015 00:00,A,63,6904.746885,63.02978707,77.82457456,25.61930556,0,8,63,,
1083,23-05-2015 00:00,A,63,6964.080803,62.77030401,75.50439972,25.74310585,0,8,63,,
1091,24-05-2015 00:00,A,63,6961.546983,63.05508285,74.53901593,26.00923611,0,8,63,,
1099,25-05-2015 00:00,A,63,6898.368428,62.6783498,73.99517801,25.79500347,0,8,63,,
1107,26-05-2015 00:00,A,63,6975.343283,63.18031295,72.69653824,25.52076389,0,8,63,,
1115,27-05-2015 00:00,A,63,6949.966558,63.33713436,73.95812641,25.574375,0,8,63,,
1123,28-05-2015 00:00,A,62,6946.280078,63.01889604,73.24167966,25.75958333,0,8,62,,
1131,29-05-2015 00:00,A,62,6970.903823,62.84900119,72.55678411,25.70791117,0,8,62,,
1139,30-05-2015 00:00,A,62,6930.948913,62.90154637,69.83027833,25.54527778,0,8,62,,
1147,31-05-2015 00:00,A,62,6910.776678,62.71860747,72.08348063,25.30402778,0,8,62,,
1155,01-06-2015 00:00,A,62,6933.927893,63.30640868,72.2653828,25.49381944,0,8,62,,
1163,02-06-2015 00:00,A,61,6908.175092,62.69958767,71.49060559,25.51512838,0,8,61,,
1171,03-06-2015 00:00,A,61,6976.840972,62.55299081,70.94892266,25.53020833,0,8,61,,
1179,04-06-2015 00:00,A,61,6949.496999,63.36304056,71.01036917,25.646875,0,8,61,,
1187,05-06-2015 00:00,A,61,6906.197477,62.71398509,69.81447812,25.42722222,0,8,61,,
1195,06-06-2015 00:00,A,61,6995.053313,62.63471364,72.70361109,25.43900069,0,8,61,,
1203,07-06-2015 00:00,A,61,6921.235485,62.95568333,73.22165017,25.52583333,0,8,61,,
1211,08-06-2015 00:00,A,61,6890.422229,62.38395967,71.41928612,25.43027778,0,8,61,,
1219,09-06-2015 00:00,A,61,6955.019885,62.46942176,71.32688492,25.41832061,0,8,61,,
1227,10-06-2015 00:00,A,61,6927.330271,62.78336573,70.16073096,25.47833333,0,8,61,,
1235,11-06-2015 00:00,A,61,6945.974353,63.03082377,70.2278364,25.60618056,0,8,61,,
1243,12-06-2015 00:00,A,61,6900.841744,63.03775941,70.42339545,25.59819444,0,8,61,,
1251,13-06-2015 00:00,A,63,6908.947495,63.25452026,71.30704848,25.62755031,0,8,63,,
1259,14-06-2015 00:00,A,63,6972.688837,63.31267877,69.55047288,25.50729167,0,8,63,,
1267,15-06-2015 00:00,A,63,6975.532132,62.40840633,69.82288742,25.4125,0,8,63,,
1275,16-06-2015 00:00,A,63,6973.52376,63.16874469,70.49438016,25.42020833,0,8,63,,
1283,17-06-2015 00:00,A,63,6960.048249,62.96817582,69.51084792,25.57057599,0,8,63,,
1291,18-06-2015 00:00,A,63,6924.249941,62.49901111,70.8708882,25.49881944,0,8,63,,
1299,19-06-2015 00:00,A,64,6961.746329,62.72736614,69.39235553,25.51444444,0,8,64,,
1307,20-06-2015 00:00,A,64,6976.165851,62.60532834,68.16017558,25.63770833,0,8,64,,
1315,21-06-2015 00:00,A,64,6926.839649,63.17467363,69.92437962,25.43802915,0,8,64,,
1323,22-06-2015 00:00,A,64,6943.174055,62.47282192,69.60629087,25.305,0,8,64,,
1331,23-06-2015 00:00,A,64,7041.827463,63.21963497,68.93420306,25.42465278,0,8,64,,
1339,24-06-2015 00:00,A,64,7035.175809,63.32279452,70.42670482,25.48625,0,8,64,,
1347,25-06-2015 00:00,A,64,6978.429671,62.4216292,69.78942085,25.44149896,0,8,64,,
1355,26-06-2015 00:00,A,64,7016.33204,62.6560984,68.35629993,25.36527778,0,8,64,,
1363,27-06-2015 00:00,A,62,6967.095825,63.11640711,68.79482398,25.41763889,0,8,62,,
1371,28-06-2015 00:00,A,62,6970.835284,63.58753719,69.39617462,25.56826389,0,8,62,,
1379,29-06-2015 00:00,A,62,6938.549236,63.14535541,69.82447885,25.68716169,0,8,62,,
1387,30-06-2015 00:00,A,62,6955.158483,62.59575216,67.75475222,24.9234342,0,8,62,,
1395,01-07-2015 00:00,A,62,6977.306264,63.07484319,70.24168885,24.95972222,0,8,62,,
1403,02-07-2015 00:00,A,66,6948.136804,63.14280573,70.50655167,24.99861111,0,8,66,,
1411,03-07-2015 00:00,A,66,6992.839897,62.94560727,70.97427548,25.08292852,0,8,66,,
1419,04-07-2015 00:00,A,66,7013.587231,62.59322474,68.99152416,24.991875,0,8,66,,
1427,05-07-2015 00:00,A,66,6964.910902,63.11205463,67.66066784,25.07402778,0,8,66,,
1435,06-07-2015 00:00,A,66,6944.911983,62.29541466,68.20460123,24.98284722,0,8,66,,
1443,07-07-2015 00:00,A,66,6970.717654,63.8449845,69.32487311,25.59666898,0,8,66,,
1451,08-07-2015 00:00,A,64,7006.135447,62.36733815,67.76825998,25.36659722,0,8,64,,
1459,09-07-2015 00:00,A,64,6963.14554,62.13928431,66.49328296,25.22736111,0,8,64,,
1467,10-07-2015 00:00,A,64,6935.613388,62.97392888,66.80815445,25.24694444,0,8,64,,
1475,11-07-2015 00:00,A,69,6896.075093,62.83915017,65.82884384,25.10895212,0,8,69,,
1483,12-07-2015 00:00,A,69,6922.13038,62.24727975,66.63048458,25.01659722,0,8,69,,
1491,13-07-2015 00:00,A,69,6981.285513,62.8103524,66.44754394,25.10090278,0,8,69,,
1499,14-07-2015 00:00,A,69,6938.13533,62.69060678,66.61127575,25.12215278,0,8,69,,
1507,15-07-2015 00:00,A,69,6926.900218,62.85646472,66.60574136,25.15239417,0,8,69,,
1515,16-07-2015 00:00,A,69,6948.094032,62.06159631,66.58736361,25.05604167,0,8,69,,
1523,17-07-2015 00:00,A,69,6943.767063,62.48941684,65.15796059,24.85659722,0,8,69,,
1531,18-07-2015 00:00,A,69,6913.063569,62.70298553,69.59010386,24.34416667,0,8,69,,
1539,19-07-2015 00:00,A,69,6865.667617,62.86668515,68.02524545,24.72019431,0,8,69,,
1547,20-07-2015 00:00,A,69,6964.865946,62.28099671,69.30903761,24.80166667,0,8,69,,
1555,21-07-2015 00:00,A,63,6856.417618,62.86201923,67.66356838,24.910625,0,8,63,,
1563,22-07-2015 00:00,A,67,6633.006576,62.97885103,67.48003072,25.65854167,0,8,67,,
1571,23-07-2015 00:00,A,67,6947.546505,62.69421485,66.28482525,25.02005552,0,8,67,,
1579,24-07-2015 00:00,A,67,6767.793893,63.15322359,66.79437684,25.26840278,0,8,67,,
1587,25-07-2015 00:00,A,65,6934.070311,62.84713227,65.89432663,25.12152778,0,8,65,,
1595,26-07-2015 00:00,A,65,6910.152129,63.25382206,65.1350867,25.10548611,0,8,65,,
1603,27-07-2015 00:00,A,65,6920.508596,62.57760287,65.18556688,25.16875,0,8,65,,
1611,28-07-2015 00:00,A,65,6843.441931,64.92563127,64.01497165,25.43900069,0,8,65,,
1619,29-07-2015 00:00,A,65,6927.168256,63.53214142,66.33804575,25.40798611,0,8,65,,
1627,30-07-2015 00:00,A,65,6829.79287,63.49770557,63.91575608,24.9725,0,8,65,,
1635,31-07-2015 00:00,A,65,6933.448786,62.41966792,66.2965796,25.11465278,0,8,65,,
1643,01-08-2015 00:00,A,65,6973.313347,62.96179286,65.80988511,25.08285913,0,8,65,,
1651,02-08-2015 00:00,A,65,6946.362067,62.6861805,65.55528152,25.20784722,0,8,65,,
1659,03-08-2015 00:00,A,65,6885.731689,62.48375596,66.21508463,25.30055556,0,8,65,,
1667,04-08-2015 00:00,A,65,6982.55584,62.64298245,65.95763698,25.99958333,0,8,65,,
1675,05-08-2015 00:00,A,65,6909.054975,63.22697631,64.41221488,25.15239417,0,8,65,,
1683,06-08-2015 00:00,A,65,6907.572887,62.96351475,65.04514855,25.09784722,0,8,65,,
1691,07-08-2015 00:00,A,65,6846.682832,63.17739957,66.86359739,25.19409722,0,8,65,,
1699,08-08-2015 00:00,A,66,6908.573807,63.18831199,65.1753142,25.14458333,0,8,66,,
1707,09-08-2015 00:00,A,66,6969.328182,62.78028319,65.26080906,25.13108952,0,8,66,,
1715,10-08-2015 00:00,A,66,6974.634661,63.13657687,65.95611714,25.02555556,0,8,66,,
1723,11-08-2015 00:00,A,66,6945.025459,62.56681947,64.73873175,25.16243056,0,8,66,,
1731,12-08-2015 00:00,A,66,6881.940095,62.43276839,64.65841012,25.21083333,0,8,66,,
1739,13-08-2015 00:00,A,67,6852.930182,63.41682419,64.87418758,25.26807772,0,8,67,,
1747,14-08-2015 00:00,A,67,6919.430488,63.34181423,66.4697362,25.22027778,0,8,67,,
1755,15-08-2015 00:00,A,67,6893.228183,63.32865205,66.13176778,25.25229167,0,8,67,,
1763,16-08-2015 00:00,A,67,6917.784752,63.42358283,65.10999294,25.16486111,0,8,67,,
1771,17-08-2015 00:00,A,67,6807.845094,63.31172135,65.96096794,25.17522554,0,8,67,,
1779,18-08-2015 00:00,A,67,6827.073343,63.32941023,65.0377761,25.09229167,0,8,67,,
1787,19-08-2015 00:00,A,67,6869.30353,63.24033782,64.95238377,25.41159722,0,8,67,,
1795,20-08-2015 00:00,A,67,6876.136895,63.30369755,66.42115081,25.28111111,0,8,67,,
1803,21-08-2015 00:00,A,67,6941.548301,62.829842,66.57016067,25.1704372,0,8,67,,
1811,22-08-2015 00:00,A,67,6921.170118,62.42766513,65.88734551,25.09166667,0,8,67,,
1819,23-08-2015 00:00,A,67,6922.768831,62.52166328,65.15425514,25.18729167,0,8,67,,
1827,24-08-2015 00:00,A,67,6989.391085,62.942806,64.99824321,25.16138889,0,8,67,,
1835,25-08-2015 00:00,A,67,6965.069111,63.43598144,65.10722024,25.02942401,0,8,67,,
1843,26-08-2015 00:00,A,67,6961.368858,63.33804857,64.87107346,25.00555556,0,8,67,,
1851,27-08-2015 00:00,A,67,6985.092557,63.07776984,65.36405455,25.09756944,0,8,67,,
1859,28-08-2015 00:00,A,68,7007.967347,63.20555444,66.8133144,25.08875,0,8,68,,
1867,29-08-2015 00:00,A,68,6958.244249,62.79146738,65.06417952,24.99472222,0,8,68,,
1875,30-08-2015 00:00,A,68,7025.318545,62.38057494,65.440881,24.99410132,0,8,68,,
1883,31-08-2015 00:00,A,68,6979.123981,63.14363824,65.09158046,25.05479167,0,8,68,,
1891,01-09-2015 00:00,A,68,6991.920091,62.95657535,65.88061629,24.92715278,0,8,68,,
1899,02-09-2015 00:00,A,68,7019.853046,63.22357276,65.26662778,25.00145833,0,8,68,,
1907,03-09-2015 00:00,A,68,6975.660632,62.94411661,66.27416721,24.91179736,0,8,68,,
1915,04-09-2015 00:00,A,68,6996.284579,62.46888894,65.61201656,24.93277778,0,8,68,,
1923,05-09-2015 00:00,A,63,6897.590303,62.72774138,65.28389279,24.84673611,0,8,63,,
1931,06-09-2015 00:00,A,63,7004.331297,62.25702528,64.83617268,24.81145833,0,8,63,,
1939,07-09-2015 00:00,A,63,6963.495686,62.33275587,65.42077352,24.83178348,0,8,63,,
1947,08-09-2015 00:00,A,63,7006.646112,62.89742914,66.21225737,24.81979167,0,8,63,,
1955,09-09-2015 00:00,A,63,6973.235196,62.61730764,65.41819659,24.81388889,0,8,63,,
1963,10-09-2015 00:00,A,63,7022.954831,63.13301573,64.53358323,24.76236111,0,8,63,,
1971,11-09-2015 00:00,A,64,6973.794618,62.39324626,65.44367092,24.85211659,0,8,64,,
1979,12-09-2015 00:00,A,64,6948.48047,62.61465964,64.91525625,24.83326389,0,8,64,,
1987,13-09-2015 00:00,A,64,7019.387579,62.3957187,64.38822955,24.87020833,0,8,64,,
1995,14-09-2015 00:00,A,64,7013.640705,62.42522623,65.9254257,24.94680556,0,8,64,,
2003,15-09-2015 00:00,A,64,7000.359618,62.82427232,65.02915458,24.90353921,0,8,64,,
2011,16-09-2015 00:00,A,64,6976.581424,63.36264311,67.83819058,25.3895554,0,8,64,,
2019,17-09-2015 00:00,A,64,7004.268478,63.3146883,65.74224522,25.33361111,0,8,64,,
2027,18-09-2015 00:00,A,64,6961.543044,62.67487969,64.94735183,25.19680556,0,8,64,,
2035,19-09-2015 00:00,A,64,6972.10385,62.99967588,66.24350571,25.20215128,0,8,64,,
2043,20-09-2015 00:00,A,64,6995.028534,62.34663609,64.7162244,24.64361111,0,8,64,,
2051,21-09-2015 00:00,A,64,7011.196605,63.15447068,67.47028328,25.21486111,0,8,64,,
2059,22-09-2015 00:00,A,64,6963.865145,63.08958836,69.05635268,25.27154754,0,8,64,,
2067,23-09-2015 00:00,A,64,6999.626732,63.01379627,66.68217035,25.22291667,0,8,64,,
2075,24-09-2015 00:00,A,64,7037.847004,62.42192822,66.87352112,25.15708333,0,8,64,,
2083,25-09-2015 00:00,A,64,7053.962564,63.01261662,66.56321158,24.99875087,0,8,64,,
2091,26-09-2015 00:00,A,64,6998.047659,62.87836038,67.70688395,24.95430556,0,8,64,,
2099,27-09-2015 00:00,A,64,6956.660945,62.79724344,66.75659535,24.94645833,0,8,64,,
2107,28-09-2015 00:00,A,61,7010.428572,62.68431667,67.1125466,24.91172797,0,8,61,,
2115,29-09-2015 00:00,A,61,7064.228238,62.63921386,67.26510828,24.88611111,0,8,61,,
2123,30-09-2015 00:00,A,61,6996.608727,62.7423337,66.56479448,24.85215278,0,8,61,,
2131,01-10-2015 00:00,A,61,7019.646336,62.39395152,66.4942904,24.84871617,0,8,61,,
2139,02-10-2015 00:00,A,61,7016.24912,61.96532392,65.99964122,24.84954386,0,8,61,,
2147,03-10-2015 00:00,A,61,6953.503133,62.43314005,66.4665389,24.81152778,0,8,61,,
2155,04-10-2015 00:00,A,61,9421.090667,53.7527032,81.88862334,19.99916667,0,8,61,,
2163,05-10-2015 00:00,A,40,10410.63209,47.8750102,57.08748429,16.57439278,0,8,40,,
2171,06-10-2015 00:00,A,24,8080.168632,52.64728764,31.46777985,26.53923611,0,8,24,,
2179,07-10-2015 00:00,A,69,12809.39624,60.59305128,85.89761036,27.79180556,0,8,69,,
2187,08-10-2015 00:00,A,69,9791.522749,69.13480423,94.65022184,36.52456627,0,8,69,,
2195,09-10-2015 00:00,A,58,9956.827483,70.75008923,93.89858393,38.07993056,0,8,58,,
2203,10-10-2015 00:00,A,65,10023.30533,70.9009528,89.55365264,37.35048611,0,8,65,,
2211,11-10-2015 00:00,A,69,10031.09707,70.4316469,89.79167931,36.20201249,0,8,69,,
2219,12-10-2015 00:00,A,71,9941.060981,69.88568155,90.80713098,36.11951389,0,8,71,,
2227,13-10-2015 00:00,A,67,9974.352013,69.06077902,90.62688174,34.288125,0,8,67,,
2235,14-10-2015 00:00,A,66,9993.715841,69.32206721,88.56187055,34.26120749,0,8,66,,
2243,15-10-2015 00:00,A,67,9965.434675,70.42633801,90.18388017,35.30666667,0,8,67,,
2251,16-10-2015 00:00,A,65,10033.57025,69.17385544,90.9266914,35.32680556,0,8,65,,
2259,17-10-2015 00:00,A,66,10074.04231,69.72952466,91.25932159,35.41734906,0,8,66,,
2267,18-10-2015 00:00,A,66,10011.41085,69.01150205,90.66159043,34.37722222,0,8,66,,
2274,19-10-2015 00:00,A,66,10041.51574,66.57543362,91.27917631,33.86409722,0,8,66,,
2282,20-10-2015 00:00,A,61,10050.70139,67.94810624,87.91612239,33.4129077,0,8,61,,
2289,21-10-2015 00:00,A,57,9961.950517,67.87012454,82.88506035,33.04652778,0,8,57,,
2297,22-10-2015 00:00,A,58,9964.570909,67.53645704,83.36579671,33.28729167,0,8,58,,
2305,23-10-2015 00:00,A,58,10022.41854,67.64844986,83.76763601,33.26800833,0,8,58,,
2313,24-10-2015 00:00,A,58,10026.07532,66.95762907,85.02801222,33.43611111,0,8,58,,
2321,25-10-2015 00:00,A,57,9969.853197,67.55237785,78.06451834,33.520625,0,8,57,,
2329,26-10-2015 00:00,A,52,9994.194097,66.83040255,74.13148478,34.50881332,0,8,52,,
2337,27-10-2015 00:00,A,58,9972.845983,65.99822595,80.76258305,33.90729167,0,8,58,,
2345,28-10-2015 00:00,A,58,10032.66905,66.48998425,83.40852916,33.581875,0,8,58,,
2353,29-10-2015 00:00,A,61,9946.762159,67.71246768,95.56154442,35.18854962,0,8,61,,
2361,30-10-2015 00:00,A,53,9964.174061,67.52816512,85.99191003,35.41006944,0,8,53,,
2369,31-10-2015 00:00,A,53,9991.580577,66.57300051,88.51002728,34.49569444,0,8,53,,
2377,01-11-2015 00:00,A,53,10046.82094,67.17671782,93.35769089,34.1759889,0,8,53,,
2385,02-11-2015 00:00,A,53,10019.27664,66.93647037,100.050371,35.75625,0,8,53,,
2393,03-11-2015 00:00,A,53,10085.76189,67.36883364,93.94658255,36.01208333,0,8,53,,
2401,04-11-2015 00:00,A,53,10054.74354,67.82336015,89.11036189,37.04413602,0,8,53,,
2409,05-11-2015 00:00,A,53,10118.33763,67.43554089,89.28150121,37.19236111,0,8,53,,
2417,06-11-2015 00:00,A,53,10018.72384,68.16814193,90.11468124,36.22520833,0,8,53,,
2425,07-11-2015 00:00,A,53,10078.75377,67.63130609,105.0317318,35.52859126,0,8,53,,
2433,08-11-2015 00:00,A,54,10046.461,67.26318028,104.6282242,35.54428173,0,8,54,,
2441,09-11-2015 00:00,A,54,10019.98589,66.99005552,96.77963475,35.366875,0,8,54,,
2449,10-11-2015 00:00,A,54,9934.01532,67.73946634,87.85254069,35.5295628,0,8,54,,
2457,11-11-2015 00:00,A,54,9927.776095,67.42415418,93.36842227,35.17430556,0,8,54,,
2465,12-11-2015 00:00,A,48,9959.711816,67.11046335,108.2444585,35.40201389,0,8,48,,
2473,13-11-2015 00:00,A,48,9957.604146,67.73764982,92.94767231,36.52526024,0,8,48,,
2481,14-11-2015 00:00,A,48,9914.383385,67.73016704,93.86387237,38.53229167,0,8,48,,
2489,15-11-2015 00:00,A,48,10056.44333,67.75387596,101.7262012,40.3125,0,8,48,,
2497,16-11-2015 00:00,A,48,10042.88544,68.22562001,96.4507704,41.96752255,0,8,48,,
2505,17-11-2015 00:00,A,47,10025.63822,70.12794887,91.75618777,39.284375,0,8,47,,
2513,18-11-2015 00:00,A,61,9984.963925,68.23582565,95.22401986,33.16881944,0,8,61,,
2521,19-11-2015 00:00,A,60,10004.36332,67.12970408,106.4705395,31.86722222,0,8,60,,
2529,20-11-2015 00:00,A,65,10026.55076,66.29659917,108.5266561,32.00027759,0,8,65,,
2537,21-11-2015 00:00,A,65,10121.09787,65.52481515,101.1888745,31.62791667,0,8,65,,
2545,22-11-2015 00:00,A,65,10005.68431,66.19569004,92.31453719,31.67888889,0,8,65,,
2553,23-11-2015 00:00,A,65,9988.597426,66.3449514,91.25969729,31.30527412,0,8,65,,
2561,24-11-2015 00:00,A,56,9886.917406,66.83718814,107.4413564,32.88361111,0,8,56,,
2568,25-11-2015 00:00,A,56,10064.40009,66.13374569,97.94230532,33.72597222,0,8,56,,
2576,26-11-2015 00:00,A,56,10011.8719,66.6325594,97.16289071,32.45197779,0,8,56,,
2584,27-11-2015 00:00,A,58,9916.333625,66.75047994,111.729572,32.56569444,0,8,58,,
2592,28-11-2015 00:00,A,58,9922.862584,65.60916054,103.0364211,32.84097222,0,8,58,,
2600,29-11-2015 00:00,A,58,10068.90459,65.88808686,95.62782846,31.77418459,0,8,58,,
2608,30-11-2015 00:00,A,58,9905.455438,65.34821835,110.8904299,31.10743056,0,8,58,,
2616,01-12-2015 00:00,A,58,9955.257016,65.94971613,117.2110485,31.73722222,0,8,58,,
2623,02-12-2015 00:00,A,58,9978.652561,65.74960382,115.1238468,31.36745316,0,8,58,,
2630,03-12-2015 00:00,A,58,9958.590354,65.54929869,111.7380815,31.45027778,0,8,58,,
2638,04-12-2015 00:00,A,58,9970.870451,66.39120744,101.8995159,32.25077031,0,8,58,,
2646,05-12-2015 00:00,A,58,10090.71034,66.21094191,87.61034919,31.12659722,0,8,58,,
2654,06-12-2015 00:00,A,58,10043.4452,65.52772036,89.48432986,30.9351145,0,8,58,,
2662,07-12-2015 00:00,A,61,10076.41371,66.47269004,87.79894118,31.71152778,0,8,61,,
2670,08-12-2015 00:00,A,61,10046.589,65.97195544,95.21794784,32.02416667,0,8,61,,
2678,09-12-2015 00:00,A,61,10039.9721,65.92043074,88.85101825,30.8925,0,8,61,,
2686,10-12-2015 00:00,A,62,10032.26426,66.37067248,90.41575549,31.8332408,0,8,62,,
2694,11-12-2015 00:00,A,62,10045.30987,67.23622977,82.48899696,32.286875,0,8,62,,
2702,12-12-2015 00:00,A,57,10075.15015,65.72149205,75.5060985,31.73069444,4,8,61,,
2710,13-12-2015 00:00,A,57,10381.89376,66.51549679,76.80893784,31.76451389,4,8,61,,
2718,14-12-2015 00:00,A,57,10301.02501,66.48586828,74.09726805,31.93310201,4,8,61,,
2726,15-12-2015 00:00,A,57,10056.12651,65.32349941,73.00481503,31.55340278,4,8,61,,
2734,16-12-2015 00:00,A,57,10028.16627,65.84623926,72.50254211,31.40819444,4,8,61,,
2742,17-12-2015 00:00,A,63,10015.45676,66.04393312,74.02548641,31.42827004,4,8,67,,
2750,18-12-2015 00:00,A,59,10039.27527,66.09975588,72.24456832,31.39022346,4,8,63,,
2758,19-12-2015 00:00,A,59,10074.2158,65.75941599,73.34204807,31.43631944,4,8,63,,
2766,20-12-2015 00:00,A,59,9986.790285,66.40889988,72.51646935,32.19298611,4,8,63,,
2774,21-12-2015 00:00,A,59,10088.85426,66.81051827,73.91306492,31.65274115,4,8,63,,
2782,22-12-2015 00:00,A,59,10079.56747,65.98038823,73.37976515,31.29708333,4,8,63,,
2790,23-12-2015 00:00,A,59,9990.871232,65.34281981,72.64085146,31.34284722,4,8,63,,
2798,24-12-2015 00:00,A,59,10060.05646,66.30928267,73.26609207,31.58410826,4,8,63,,
2806,25-12-2015 00:00,A,59,10095.88418,66.38325432,73.07872208,31.84881944,4,8,63,,
2814,26-12-2015 00:00,A,59,10023.75952,66.31079108,73.15078396,31.94805556,4,8,63,,
2822,27-12-2015 00:00,A,59,9967.800592,66.20787581,73.98484593,32.14152778,2,8,61,,
2830,28-12-2015 00:00,A,59,10054.32895,66.49703423,74.25265771,31.4888966,2,8,61,,
2838,29-12-2015 00:00,A,59,10031.94824,66.34111758,70.53953219,31.46104167,2,8,61,,
2846,30-12-2015 00:00,A,59,9990.700261,66.29882143,70.74431527,31.61388889,2,8,61,,
2854,31-12-2015 00:00,A,59,9997.995503,65.89731229,70.14153736,31.42165163,2,8,61,,
2862,01-01-2016 00:00,A,59,9980.846913,65.61698327,70.64741783,31.41916667,2,10,61,,
2870,02-01-2016 00:00,A,59,10039.84545,66.01892873,70.78138576,31.17548611,2,10,61,,
2878,03-01-2016 00:00,A,59,10026.50815,66.31907302,71.07745849,31.19034722,2,10,61,,
2886,04-01-2016 00:00,A,62,10013.58581,66.66771323,71.20447063,31.47876475,2,10,64,,
2894,05-01-2016 00:00,A,62,10090.31146,66.47964637,72.32476811,31.334375,2,10,64,,
2902,06-01-2016 00:00,A,62,10095.66922,66.41553207,70.72737868,31.33208333,2,10,64,,
2910,07-01-2016 00:00,A,62,10054.6919,66.15486256,70.29890231,31.28679775,2,10,64,,
2918,08-01-2016 00:00,A,62,10051.21807,65.820459,72.63040468,31.54059681,2,10,64,,
2926,09-01-2016 00:00,A,62,10016.79391,65.80408077,72.83337534,31.26277778,2,10,64,,
2934,10-01-2016 00:00,A,62,10005.7449,66.59039356,76.3454355,31.51951389,2,10,64,,
2942,11-01-2016 00:00,A,62,9974.44672,66.09365189,76.2321722,31.38569435,2,10,64,,
2950,12-01-2016 00:00,A,62,10018.63732,66.13881174,72.5411838,31.41458333,2,10,64,,
2958,13-01-2016 00:00,A,62,9988.178774,66.27391518,74.43503566,31.33018868,2,7,64,,
2966,14-01-2016 00:00,A,61,9987.344131,66.71945652,75.35941242,31.44798611,2,7,63,,
2974,15-01-2016 00:00,A,61,10030.2748,66.56480437,77.50254951,31.59521166,2,7,63,,
2982,16-01-2016 00:00,A,61,10046.41435,65.82063738,76.16671337,31.36458333,2,7,63,,
2990,17-01-2016 00:00,A,61,10031.30949,65.68386465,71.05806145,32.13770833,2,7,63,,
2998,18-01-2016 00:00,A,61,10026.32255,66.45246059,70.18650627,33.21950035,2,7,63,,
3006,19-01-2016 00:00,A,61,10050.4847,67.22267179,73.98883558,33.41180556,2,7,63,,
3014,20-01-2016 00:00,A,61,10046.85362,66.93749154,76.40421715,33.41458333,2,7,63,,
3022,21-01-2016 00:00,A,61,10010.41172,67.38461871,74.5582044,33.47480916,2,7,63,,
3030,22-01-2016 00:00,A,61,9993.363143,67.56682703,75.53835045,33.525,2,7,63,,
3038,23-01-2016 00:00,A,59,10035.16759,67.43363979,75.26859214,33.57506944,1,7,60,,
3046,24-01-2016 00:00,A,59,10093.90791,67.55246938,74.98035505,33.64156836,1,7,60,,
3054,25-01-2016 00:00,A,57,10048.50999,67.58673525,76.23035724,33.67333333,1,7,58,,
3062,26-01-2016 00:00,A,57,10059.69127,67.55984053,74.4071839,33.61791667,1,7,58,,
3070,27-01-2016 00:00,A,57,10035.93523,67.21069129,74.28625925,33.52519084,1,7,58,,
3078,28-01-2016 00:00,A,55,10118.65761,67.24850788,74.27470552,33.49736111,1,7,56,,
3086,29-01-2016 00:00,A,55,10078.64151,67.57202947,74.73383186,33.58361111,1,7,56,,
3094,30-01-2016 00:00,A,55,10069.72811,66.95320759,74.81822747,33.61865248,1,7,56,,
3102,31-01-2016 00:00,A,55,10013.56515,67.06077626,74.62766764,33.60777238,1,7,56,,
3110,01-02-2016 00:00,A,55,10026.18844,67.80076004,74.47299807,33.52784722,1,7,56,,
3118,02-02-2016 00:00,A,65,10709.08595,68.84279581,79.31778562,32.92222222,1,7,66,,
3126,03-02-2016 00:00,A,65,10988.6728,66.93604212,78.92725475,30.83907009,1,7,66,,
3133,04-02-2016 00:00,A,61,10883.39012,65.76200199,74.47424303,31.31972222,1,7,62,,
3140,05-02-2016 00:00,A,63,10057.91592,66.43050762,74.14593878,31.66854167,1,7,64,,
3147,06-02-2016 00:00,A,62,9992.744847,66.88560666,73.88642461,31.66939625,1,7,63,,
3154,07-02-2016 00:00,A,63,10059.31615,66.64081944,74.29948855,31.51909722,1,7,64,,
3161,08-02-2016 00:00,A,63,10108.43303,66.53016333,74.7862662,31.61756944,1,7,64,,
3168,09-02-2016 00:00,A,63,10128.3353,66.49756479,75.9013248,31.74045802,1,7,64,,
3175,10-02-2016 00:00,A,63,10029.99879,66.5873979,74.40985109,31.61027778,1,7,64,,
3182,11-02-2016 00:00,A,63,10007.24684,67.02202993,75.11504891,31.69284722,1,7,64,,
3189,12-02-2016 00:00,A,63,10007.28904,66.68739306,74.10177343,31.54600972,1,7,64,,
3196,13-02-2016 00:00,A,63,9970.562834,67.01523763,75.29851667,31.59548611,1,7,64,,
3203,14-02-2016 00:00,A,63,10039.20772,66.35162677,75.14736301,31.70666667,1,7,64,,
3210,15-02-2016 00:00,A,63,9992.15424,66.57353627,75.40869319,31.66766135,1,7,64,,
3217,16-02-2016 00:00,A,63,10058.81676,66.76367447,75.25752282,31.70625,1,7,64,,
3224,17-02-2016 00:00,A,63,10026.55372,66.3346638,75.45719442,31.66694444,1,7,64,,
3231,18-02-2016 00:00,A,63,10094.70212,66.72597028,74.88825513,31.82616239,1,7,64,,
3238,19-02-2016 00:00,A,63,10038.77547,67.00921509,75.51679762,31.62898246,1,7,64,,
3245,20-02-2016 00:00,A,63,10067.71026,66.71278889,74.1468834,31.63104167,1,7,64,,
3252,21-02-2016 00:00,A,59,9988.178933,66.27353606,73.12041124,31.67229167,1,7,60,,
3259,22-02-2016 00:00,A,59,10023.55082,66.95446928,74.55712828,31.68729167,1,7,60,,
3266,23-02-2016 00:00,A,59,10000.36458,66.45615265,74.01796406,31.74927134,1,7,60,,
3273,24-02-2016 00:00,A,59,10067.54047,66.73847906,73.75728622,31.72055556,1,7,60,,
3280,25-02-2016 00:00,A,59,10029.41026,67.33545779,73.06515611,31.83263889,1,7,60,,
3287,26-02-2016 00:00,A,59,10083.31296,66.67213307,72.13183233,31.36041667,1,7,60,,
3294,27-02-2016 00:00,A,59,10046.94984,66.75861955,76.29957951,31.71714087,1,7,60,,
3301,28-02-2016 00:00,A,59,10070.8162,66.85182022,76.71679076,31.59708333,1,7,60,,
3308,29-02-2016 00:00,A,59,10014.28534,67.14408393,75.89394509,31.57430556,1,7,60,,
3315,01-03-2016 00:00,A,59,10054.9452,66.58304584,75.22961754,31.57618056,1,7,60,,
3322,02-03-2016 00:00,A,59,10078.58195,66.91694864,75.72081171,31.61970854,1,7,60,,
3329,03-03-2016 00:00,A,59,10029.40587,67.47246077,75.94600605,31.93305556,1,7,60,,
3336,04-03-2016 00:00,A,59,10010.83234,66.36367754,76.00122827,31.40277778,1,7,60,,
3343,05-03-2016 00:00,A,59,10087.4116,66.29119384,75.2643077,31.16430556,1,7,60,,
3350,06-03-2016 00:00,A,62,10089.13152,66.85322023,73.80415148,31.21589174,1,7,63,,
3357,07-03-2016 00:00,A,62,10037.37428,66.2420443,74.0595295,30.90847222,1,7,63,,
3364,08-03-2016 00:00,A,62,10051.2571,66.78028274,79.81125858,31.45,1,7,63,,
3371,09-03-2016 00:00,A,62,10018.6986,66.50573131,76.84479641,31.159375,1,7,63,,
3378,10-03-2016 00:00,A,62,10096.61002,66.73594213,75.30321447,31.33395833,1,7,63,,
3385,11-03-2016 00:00,A,62,10088.55672,66.75577157,76.29492642,31.39319917,1,7,63,,
3392,12-03-2016 00:00,A,62,10028.96307,66.657906,74.87412215,31.09493056,1,7,63,,
3399,13-03-2016 00:00,A,62,10113.35291,67.15850239,75.75800592,31.22555556,1,7,63,,
3406,14-03-2016 00:00,A,62,10022.33585,66.23822112,76.6760789,31.19659722,1,7,63,,
3413,15-03-2016 00:00,A,62,10057.63104,66.67277709,75.42777391,31.23671062,1,7,63,,
3420,16-03-2016 00:00,A,62,10087.21193,66.69976011,75.42011624,31.19993012,1,7,63,,
3426,17-03-2016 00:00,A,62,10028.92947,66.28559585,73.74612553,31.18208333,1,7,63,,
3432,18-03-2016 00:00,A,62,10077.78243,67.23673121,75.0942058,31.200625,1,7,63,,
3438,19-03-2016 00:00,A,62,10054.59711,66.69911051,74.67334914,31.1814712,1,7,63,,
3444,20-03-2016 00:00,A,62,10067.11485,67.22602638,74.44036324,31.28236111,1,7,63,,
3450,21-03-2016 00:00,A,62,10042.4678,67.10506543,73.27610678,31.11680556,1,7,63,,
3456,22-03-2016 00:00,A,62,10077.24884,66.45744385,73.62374354,31.21526718,1,7,63,,
3463,23-03-2016 00:00,A,62,9997.91888,67.09283359,73.31775093,31.07361111,1,7,63,,
3470,24-03-2016 00:00,A,65,10003.27413,66.97395215,79.2489113,31.33881944,1,7,66,,
3477,25-03-2016 00:00,A,65,10032.4193,66.99273429,86.66635472,31.648161,1,7,66,,
3484,26-03-2016 00:00,A,65,9956.631347,67.08099582,83.41710817,31.75298611,1,7,66,,
3491,27-03-2016 00:00,A,65,10000.10894,66.91296848,81.48796174,31.42645833,1,7,66,,
3498,28-03-2016 00:00,A,65,9975.433822,67.2336144,81.24276494,31.89770992,1,7,66,,
3505,29-03-2016 00:00,A,65,10023.30094,66.66236525,74.36661273,31.58465278,1,7,66,,
3512,30-03-2016 00:00,A,61,10019.69331,67.52321725,74.73279604,31.56020833,1,7,62,,
3519,31-03-2016 00:00,A,61,10025.48022,67.8053062,74.05180924,31.72486111,1,7,62,,
3526,01-04-2016 00:00,A,61,9984.563182,67.51251904,75.08343942,31.492644,1,7,62,,
3533,02-04-2016 00:00,A,61,9978.591813,67.01794029,73.88648778,31.32833333,1,7,62,,
3540,03-04-2016 00:00,A,61,9939.987531,67.0908974,72.3259886,31.20770833,1,7,62,,
3547,04-04-2016 00:00,A,62,9935.049714,66.81859754,80.14084067,31.48598196,1,7,63,,
3554,05-04-2016 00:00,A,62,9921.938084,66.87882188,77.03819418,31.48194444,1,7,63,,
3561,06-04-2016 00:00,A,62,9910.571347,67.03097941,75.87376126,31.36736111,1,7,63,,
3568,07-04-2016 00:00,A,62,10010.69022,67.57440681,74.00925259,31.39132547,1,7,63,,
3575,08-04-2016 00:00,A,62,10021.60869,67.21685883,78.77668729,31.32111111,1,7,63,,
3582,09-04-2016 00:00,A,62,9973.897724,67.18234651,78.32626956,31.45402778,1,7,63,,
3589,10-04-2016 00:00,A,62,10005.91473,66.98371419,78.63934924,31.05093685,1,7,63,,
3596,11-04-2016 00:00,A,62,10007.65105,66.56255939,77.4413694,31.09430556,1,7,63,,
3603,12-04-2016 00:00,A,62,9983.778673,67.02782231,75.00862842,31.13284722,1,7,63,,
3610,13-04-2016 00:00,A,62,10029.34509,66.99740446,75.09602885,31.22907703,1,7,63,,
3617,14-04-2016 00:00,A,62,10073.56917,67.25630175,75.02777451,31.06243056,1,7,63,,
3624,15-04-2016 00:00,A,62,10036.36338,67.02483176,73.99684666,31.20402778,1,7,63,,
3632,16-04-2016 00:00,A,62,10000.23863,66.74526618,73.63601419,31.059195,1,7,63,,
3640,17-04-2016 00:00,A,62,9995.602478,66.60955481,72.09717117,30.92298611,1,7,63,,
3648,18-04-2016 00:00,A,64,9888.372149,66.80968001,79.72236717,31.12,1,7,65,,
3656,19-04-2016 00:00,A,64,9936.37124,67.38044975,79.89982892,30.97515614,1,7,65,,
3664,20-04-2016 00:00,A,64,9994.930503,66.93221623,77.36801884,31.17465278,1,7,65,,
3672,21-04-2016 00:00,A,64,9995.122965,67.01380124,76.07068153,30.99388889,1,7,65,,
3680,22-04-2016 00:00,A,64,9924.856652,66.62889253,72.9445626,30.86974323,1,7,65,,
3688,23-04-2016 00:00,A,64,9990.17346,66.54943768,73.30699088,30.76416667,1,7,65,,
3695,24-04-2016 00:00,A,60,10027.70789,67.33098823,73.03129601,30.88375,1,7,61,,
3703,25-04-2016 00:00,A,60,9980.667164,66.64041992,75.11126527,30.98757807,1,7,61,,
3711,26-04-2016 00:00,A,60,10030.4513,66.92683931,76.50556976,30.85743056,1,7,61,,
3719,27-04-2016 00:00,A,60,10062.89958,67.3341125,76.41420522,30.88631944,1,7,61,,
3727,28-04-2016 00:00,A,60,10063.22708,67.38618328,75.4726797,30.87522554,1,7,61,,
3735,29-04-2016 00:00,A,60,10061.54647,67.15152287,76.3260008,30.86895833,1,7,61,,
3743,30-04-2016 00:00,A,60,10046.36222,67.37209145,76.30928068,30.82180556,1,7,61,,
3751,01-05-2016 00:00,A,60,9995.540283,67.02255391,79.98969261,30.98652778,1,7,61,,
3759,02-05-2016 00:00,A,61,10087.3112,67.39641751,78.25676744,30.95045108,1,7,62,,
3767,03-05-2016 00:00,A,61,10076.91008,66.97944855,75.95540936,30.98069444,1,7,62,,
3775,04-05-2016 00:00,A,61,10019.03498,67.1967599,74.43236553,31.02333333,1,7,62,,
3783,05-05-2016 00:00,A,61,10072.69454,67.18167335,76.38836457,30.903678,1,7,62,,
3791,06-05-2016 00:00,A,61,10123.52127,67.01421967,79.06117968,30.86236111,1,7,62,,
3799,07-05-2016 00:00,A,61,10078.73772,66.85316189,75.55517962,30.71986111,1,7,62,,
3807,08-05-2016 00:00,A,61,9990.201789,67.31411971,81.14610202,30.79208883,1,7,62,,
3814,09-05-2016 00:00,A,63,10067.69633,67.06977866,78.15782239,30.97222222,1,7,64,,
3822,10-05-2016 00:00,A,63,10116.68576,66.54385595,80.40502474,30.80340278,1,7,64,,
3830,11-05-2016 00:00,A,63,10085.11888,66.61461475,80.87279081,30.70700902,1,7,64,,
3838,12-05-2016 00:00,A,59,10035.21357,67.17981736,77.63128914,30.91319444,1,7,60,,
3846,13-05-2016 00:00,A,59,10034.31236,67.67611136,77.83343118,31.09534722,1,7,60,,
3854,14-05-2016 00:00,A,60,10319.05779,66.9206403,80.27613358,31.159195,1,7,61,,
3862,15-05-2016 00:00,A,60,10202.11304,67.08830951,82.11063394,30.38354167,1,7,61,,
3870,16-05-2016 00:00,A,60,9956.37706,67.13614437,84.55696855,31.03034722,1,7,61,,
3877,17-05-2016 00:00,A,60,10020.33286,66.86265827,80.49573215,30.90027759,1,7,61,,
3885,18-05-2016 00:00,A,60,9959.839417,67.33020366,77.20169904,31.18270833,1,7,61,,
3893,19-05-2016 00:00,A,60,9970.268372,66.6954088,78.24968245,30.90069444,1,7,61,,
3901,20-05-2016 00:00,A,60,9973.202048,66.69743078,76.8943404,30.83671062,1,7,61,,
3909,21-05-2016 00:00,A,59,10021.49036,66.58570878,75.71764873,30.85555556,1,7,60,,
3917,22-05-2016 00:00,A,59,10032.01635,67.36819357,75.43999956,30.943125,1,7,60,,
3925,23-05-2016 00:00,A,59,10012.63178,67.5049707,75.35747573,30.97383761,1,7,60,,
3933,24-05-2016 00:00,A,59,10014.30217,67.12130058,74.83876278,31.035625,1,7,60,,
3941,25-05-2016 00:00,A,59,9996.95855,67.32182335,74.67344344,31.16618056,1,7,60,,
3949,26-05-2016 00:00,A,59,9989.005802,67.36381572,75.1567269,31.01339348,1,7,60,,
3957,27-05-2016 00:00,A,59,9899.095124,67.29215089,74.24171364,30.89090278,1,7,60,,
3965,28-05-2016 00:00,A,61,9978.867325,67.50433478,72.66536468,30.75701389,1,7,62,,
3973,29-05-2016 00:00,A,61,10032.24195,67.70856483,77.59755376,31.20701389,1,7,62,,
3981,30-05-2016 00:00,A,61,10090.23373,67.04987142,75.43532378,30.66599584,1,7,62,,
3989,31-05-2016 00:00,A,61,10167.07856,66.70740738,77.29549237,30.95131944,1,7,62,,
3997,01-06-2016 00:00,A,61,10200.99424,66.75923321,76.64708332,30.77875,1,7,62,,
4005,02-06-2016 00:00,A,61,10540.3769,66.86204129,79.25625883,31.15468425,1,7,62,,
4013,03-06-2016 00:00,A,61,10469.41716,66.63183332,76.5454004,30.93236111,1,7,62,,
4021,04-06-2016 00:00,A,61,10213.45251,67.16781706,77.62037824,30.93576389,1,7,62,,
4029,05-06-2016 00:00,A,61,10173.10872,66.81457031,77.75259645,30.90770298,1,7,62,,
4037,06-06-2016 00:00,A,61,10034.38898,66.90771032,78.59043167,30.85402778,1,7,62,,
4045,07-06-2016 00:00,A,61,10079.1233,67.19819489,76.92957086,30.73979167,1,7,62,,
4053,08-06-2016 00:00,A,61,10052.362,66.98533689,78.04919716,30.70916031,1,7,62,,
4061,09-06-2016 00:00,A,61,10026.48717,67.26947776,78.14452565,30.68263889,1,7,62,,
4069,10-06-2016 00:00,A,61,10026.4852,67.07294255,74.68439831,30.68541667,1,7,62,,
4077,11-06-2016 00:00,A,61,10055.43709,66.29136885,72.19947723,30.58598196,1,7,62,,
4085,12-06-2016 00:00,A,56,10336.31646,67.87519133,72.07869121,31.4325,1,7,57,,
4093,13-06-2016 00:00,A,55,10443.24648,67.30198278,73.92824321,31.32236111,1,7,56,,
4101,14-06-2016 00:00,A,54,10378.86537,66.96775284,74.33064978,31.46356697,1,7,55,,
4109,15-06-2016 00:00,A,54,10255.281,67.00143336,71.49932984,31.00277778,1,7,55,,
4116,16-06-2016 00:00,A,54,10032.03402,66.81633879,71.92359334,31.00048611,1,7,55,,
4123,17-06-2016 00:00,A,55,10065.92243,67.36467143,72.59956987,30.86197085,1,7,56,,
4130,18-06-2016 00:00,A,55,9999.108297,66.55474777,70.72197249,30.76048611,1,7,56,,
4137,19-06-2016 00:00,A,55,10015.53793,67.10291912,72.7990806,31.03194444,1,7,56,,
4144,20-06-2016 00:00,A,55,10098.78459,66.77702581,73.55004587,30.66918806,1,7,56,,
4151,21-06-2016 00:00,A,55,10040.42795,67.38538842,76.6959793,30.72958333,1,7,56,,
4158,22-06-2016 00:00,A,55,10108.639,66.72149826,74.53058601,30.650625,1,7,56,,
4165,23-06-2016 00:00,A,55,10059.07441,66.6671026,74.39474074,30.67702984,1,7,56,,
4172,24-06-2016 00:00,A,55,10127.85119,66.68350282,74.40082785,30.855,1,7,56,,
4179,25-06-2016 00:00,A,55,10090.97642,67.21087307,73.7090937,30.76229167,1,7,56,,
4186,26-06-2016 00:00,A,57,10002.70993,66.63624878,73.07391961,30.73802915,1,7,58,,
4193,27-06-2016 00:00,A,57,10055.65529,67.08951829,73.57650758,30.86375,1,7,58,,
4201,28-06-2016 00:00,A,57,10116.41215,68.26160594,71.53445573,31.5525,1,7,58,,
4209,29-06-2016 00:00,A,57,10047.19163,67.07659742,68.57074888,30.94795281,1,7,58,,
4217,30-06-2016 00:00,A,57,10030.99817,67.02784658,69.29567335,30.61180556,1,7,58,,
4225,01-07-2016 00:00,A,57,10077.91087,66.74301698,70.16188245,30.80451389,1,7,58,,
4233,02-07-2016 00:00,A,57,10092.14148,67.38800231,71.0522261,30.680625,1,7,58,,
4241,03-07-2016 00:00,A,56,10041.63112,67.39291793,70.35916501,30.63428175,0,7,56,,
4249,04-07-2016 00:00,A,56,10034.14732,67.13882047,70.06667222,30.55138889,0,7,56,,
4256,05-07-2016 00:00,A,56,10073.19852,66.72822655,70.54597231,30.323125,0,7,56,,
4263,06-07-2016 00:00,A,56,10150.57985,66.88503338,73.8075727,30.72838307,0,7,56,,
4270,07-07-2016 00:00,A,56,10094.16553,66.76554741,69.67241914,30.42388889,0,7,56,,
4277,08-07-2016 00:00,A,56,10089.85036,67.34814885,70.15104341,30.6125,0,7,56,,
4284,09-07-2016 00:00,A,56,10046.58997,67.31166763,69.56982018,30.41630812,0,7,56,,
4292,10-07-2016 00:00,A,56,10065.34326,66.81548665,70.1374863,30.60854167,0,7,56,,
4300,11-07-2016 00:00,A,56,10106.1134,66.90261749,69.08042008,30.61326389,0,7,56,,
4308,12-07-2016 00:00,A,57,10075.48177,67.21010397,68.13959443,30.33851492,0,7,57,,
4316,13-07-2016 00:00,A,57,9972.549615,67.268589,70.85551306,30.67201389,0,7,57,,
4324,14-07-2016 00:00,A,57,10046.12005,66.79414101,68.02411387,30.42222222,0,7,57,,
4332,15-07-2016 00:00,A,57,10024.39057,67.35065171,71.5436868,30.67460097,0,7,57,,
4340,16-07-2016 00:00,A,57,10015.78041,67.278769,70.67353221,30.51354167,0,7,57,,
4348,17-07-2016 00:00,A,57,9997.62926,67.62187406,70.37516398,30.65277778,0,7,57,,
4356,18-07-2016 00:00,A,57,10040.80823,67.04495295,71.51039586,30.65301874,0,7,57,,
4363,19-07-2016 00:00,A,57,10050.46914,66.96025583,70.41533767,30.58189655,0,7,57,,
4370,20-07-2016 00:00,A,57,10082.20893,67.70536954,69.9472423,30.64076389,0,7,57,,
4377,21-07-2016 00:00,A,57,10020.63945,67.11025569,71.14176349,30.56527778,0,7,57,,
4384,22-07-2016 00:00,A,59,10314.79382,67.59606507,71.29970902,30.87841777,0,7,59,,
4391,23-07-2016 00:00,A,59,10137.51595,67.03690476,69.58013611,30.63493056,0,7,59,,
4398,24-07-2016 00:00,A,59,10151.2568,66.99952792,70.94082927,30.6575,0,7,59,,
4405,25-07-2016 00:00,A,59,10066.21632,67.03599128,69.55737841,30.60378947,0,7,59,,
4412,26-07-2016 00:00,A,59,10064.95181,67.57459162,69.93913897,30.59534722,0,7,59,,
4419,27-07-2016 00:00,A,56,10050.77252,67.66587761,69.67485452,30.69243056,0,7,56,,
4426,28-07-2016 00:00,A,56,10069.87608,67.25810079,71.37789169,30.55215278,0,7,56,,
4433,29-07-2016 00:00,A,56,10045.8558,67.7960917,69.52850661,30.42498265,0,7,56,,
4440,30-07-2016 00:00,A,56,10112.17751,67.14127801,70.64198463,30.65729167,0,7,56,,
4447,31-07-2016 00:00,A,56,10061.67548,66.89884483,70.40626323,30.51381944,0,7,56,,
4454,01-08-2016 00:00,A,56,10019.56692,67.29581709,70.52520124,30.8025,0,7,56,,
4461,02-08-2016 00:00,A,60,10075.52862,68.1808366,71.96855937,31.06967384,0,7,60,,
4468,03-08-2016 00:00,A,60,10067.11659,66.95297842,71.7273523,30.46340278,0,7,60,,
4475,04-08-2016 00:00,A,60,10065.05204,67.12316523,70.71696256,30.26041667,0,7,60,,
4482,05-08-2016 00:00,A,60,10040.66543,67.75582417,70.05543863,30.41138889,0,7,60,,
4490,06-08-2016 00:00,A,60,10003.41121,67.4149698,71.02168808,30.34420541,0,7,60,,
4498,07-08-2016 00:00,A,60,10054.81135,67.40802194,70.28160888,30.40222222,0,7,60,,
4506,08-08-2016 00:00,A,60,10085.21771,66.94229266,70.85796736,30.18479167,0,7,60,,
4514,09-08-2016 00:00,A,60,10017.99768,67.47414994,71.6987655,30.27298611,0,7,60,,
4522,10-08-2016 00:00,A,60,10006.28044,67.91214344,70.53615198,30.22852186,0,7,60,,
4530,11-08-2016 00:00,A,60,10004.81796,66.91459512,69.27759312,30.08770833,0,7,60,,
4538,12-08-2016 00:00,A,60,10133.20773,67.23876936,69.37094588,30.12923611,0,7,60,,
4546,13-08-2016 00:00,A,60,10074.45996,67.30657299,69.65878737,30.06145833,0,7,60,,
4554,14-08-2016 00:00,A,60,10173.08207,66.97222613,68.57805485,30.14358085,0,7,60,,
4562,15-08-2016 00:00,A,60,10118.42123,67.43133436,68.31223436,30.25354167,0,7,60,,
4570,16-08-2016 00:00,A,60,10035.14445,66.93590777,70.30448582,30.44541667,0,7,60,,
4578,17-08-2016 00:00,A,60,10014.8274,66.66757971,69.84523435,30.24361111,0,7,60,,
4586,18-08-2016 00:00,A,60,10085.79595,67.17884399,68.20153037,30.06141568,0,7,60,,
4594,19-08-2016 00:00,A,60,10046.2312,66.50330221,68.86682905,30.16256944,0,7,60,,
4602,20-08-2016 00:00,A,60,10084.94349,66.23995772,70.19247109,30.078125,0,7,60,,
4610,21-08-2016 00:00,A,60,10037.18009,66.27872316,69.90191724,30.008125,0,7,60,,
4618,22-08-2016 00:00,A,60,10089.24436,67.26990931,68.97292978,30.0593338,0,7,60,,
4626,23-08-2016 00:00,A,60,10040.59177,66.77307894,69.02949806,30.21215278,0,7,60,,
4634,24-08-2016 00:00,A,60,9974.099741,67.24011338,69.8405111,30.15631944,0,7,60,,
4642,25-08-2016 00:00,A,60,10019.05224,66.81105056,69.02025002,30.150625,0,7,60,,
4650,26-08-2016 00:00,A,60,9998.960103,66.49428814,70.42235279,30.24788341,0,7,60,,
4658,27-08-2016 00:00,A,60,10065.18349,66.73343539,69.9000126,30.26694444,0,7,60,,
4665,28-08-2016 00:00,A,59,10073.96217,66.6217517,70.0316707,30.37527778,0,7,59,,
4672,29-08-2016 00:00,A,59,10096.75078,67.11915042,69.00157845,30.15298611,0,7,59,,
4679,30-08-2016 00:00,A,59,10051.21978,67.25794228,69.4363128,30.19777932,0,7,59,,
4686,31-08-2016 00:00,A,59,10097.89629,67.56965369,69.28855923,30.26208333,0,7,59,,
4693,01-09-2016 00:00,A,59,10043.79931,66.85921391,71.53896268,30.46756944,0,7,59,,
4700,02-09-2016 00:00,A,59,10118.6393,66.69475851,69.76510143,30.14479167,0,7,59,,
4707,03-09-2016 00:00,A,60,10067.1692,66.68947854,67.76909804,29.99923664,0,7,60,,
4714,04-09-2016 00:00,A,60,10003.10026,66.81609912,70.34422436,30.00104167,0,7,60,,
4721,05-09-2016 00:00,A,60,10077.46969,66.33781084,69.13335674,29.83763889,0,7,60,,
4728,06-09-2016 00:00,A,58,10095.49405,66.74520477,67.27258523,29.94236111,0,7,58,,
4735,07-09-2016 00:00,A,58,10022.33728,67.39207254,69.40752446,30.0832755,0,7,58,,
4742,08-09-2016 00:00,A,58,10095.19655,67.21973745,68.33406186,29.92868056,0,7,58,,
4749,09-09-2016 00:00,A,58,10031.42548,67.00731071,68.55551429,29.81458333,0,7,58,,
4756,10-09-2016 00:00,A,58,10260.98516,67.06380052,68.94217921,30.04451389,0,7,58,,
4763,11-09-2016 00:00,A,58,10325.21494,67.23116201,68.75060253,29.97244969,0,7,58,,
4770,12-09-2016 00:00,A,55,10184.93869,66.88267967,69.52808326,29.99194444,0,7,55,,
4776,13-09-2016 00:00,A,55,10026.45851,66.82221763,68.7785506,29.76798611,0,7,55,,
4782,14-09-2016 00:00,A,57,9985.3271,66.64164371,69.76014953,29.85604167,0,7,57,,
4789,15-09-2016 00:00,A,57,10000.32199,66.30489311,69.22399189,29.96209335,0,7,57,,
4796,16-09-2016 00:00,A,59,9960.695641,67.06767679,67.99553987,29.89645833,0,7,59,,
4803,17-09-2016 00:00,A,59,10053.12233,66.44017497,69.78170572,29.85655795,0,7,59,,
4810,18-09-2016 00:00,A,59,10010.52217,67.20636234,70.06695318,30.14583333,0,7,59,,
4817,19-09-2016 00:00,A,59,9983.005,66.78979492,69.35175788,30.000625,0,7,59,,
4824,20-09-2016 00:00,A,59,10018.20243,66.52911595,69.54424357,29.81791667,0,7,59,,
4831,21-09-2016 00:00,A,59,9948.955591,66.456603,70.06215076,29.67668286,0,7,59,,
4838,22-09-2016 00:00,A,59,10030.88312,66.98609612,69.96978845,29.74402778,0,7,59,,
4845,23-09-2016 00:00,A,59,9968.993289,66.57525821,68.60876139,29.77715278,0,7,59,,
4852,24-09-2016 00:00,A,59,10035.02953,66.43934754,68.88224386,29.7525,0,7,59,,
4859,25-09-2016 00:00,A,59,10030.95114,66.89785711,69.66258604,29.77126995,0,7,59,,
4866,26-09-2016 00:00,A,59,10020.00891,66.71315879,68.66850288,29.42006944,0,7,59,,
4873,27-09-2016 00:00,A,59,10035.79159,67.00424687,68.68673456,29.71118056,0,7,59,,
4880,28-09-2016 00:00,A,59,9997.309376,66.56917892,70.44327559,29.81451389,0,7,59,,
4887,29-09-2016 00:00,A,59,10101.73221,66.67878546,69.61705349,29.78125,0,7,59,,
4895,30-09-2016 00:00,A,59,9951.585221,66.81504024,68.63532327,29.596322,0,7,59,,
4903,01-10-2016 00:00,A,59,9977.168943,66.32396824,69.24725899,29.63770833,0,7,59,,
4911,02-10-2016 00:00,A,59,9949.870734,66.90316762,69.55788357,29.64402778,0,7,59,,
4919,03-10-2016 00:00,A,59,10025.49678,66.65671962,70.0257412,29.6075,0,7,59,,
4927,04-10-2016 00:00,A,60,9977.779502,66.71923062,69.35707969,29.83199167,0,7,60,,
4935,05-10-2016 00:00,A,60,9958.654761,67.23440187,70.20669277,29.58590278,0,7,60,,
4943,06-10-2016 00:00,A,60,9981.56079,66.82668652,68.54743847,29.56458333,0,7,60,,
4951,07-10-2016 00:00,A,60,10042.97615,66.80761184,70.27296014,29.90788555,0,7,60,,
4959,08-10-2016 00:00,A,60,10038.27652,66.98471643,69.48587145,29.67120056,0,7,60,,
4967,09-10-2016 00:00,A,60,10061.05362,66.33663268,68.48562225,29.49270833,0,7,60,,
4975,10-10-2016 00:00,A,60,10048.46138,66.78886698,69.16820155,29.60118056,0,7,60,,
4983,11-10-2016 00:00,A,60,9978.156518,67.26973993,69.79102375,29.58549618,0,7,60,,
4991,12-10-2016 00:00,A,60,10050.43595,67.15214382,69.11402688,29.52972222,0,7,60,,
4999,13-10-2016 00:00,A,60,10106.06347,67.16951545,69.99433652,29.38076389,0,7,60,,
5007,14-10-2016 00:00,A,60,9995.385507,66.86064233,68.88820601,29.444375,0,7,60,,
5014,15-10-2016 00:00,A,60,10030.34996,66.8544184,69.12749424,29.49243581,0,7,60,,
5020,16-10-2016 00:00,A,60,9999.248923,67.17741284,68.95706472,29.51222222,0,7,60,,
5026,17-10-2016 00:00,A,60,10037.70668,66.92089392,70.97791545,29.56277778,0,7,60,,
5032,18-10-2016 00:00,A,60,10116.51371,67.08831555,70.49509337,29.25336572,0,7,60,,
5038,19-10-2016 00:00,A,60,10121.13434,67.30335528,70.47262789,29.37159722,0,7,60,,
5044,20-10-2016 00:00,A,60,10067.48025,67.44103692,69.61755385,29.2925,0,7,60,,
5050,21-10-2016 00:00,A,57,9999.82919,66.63969202,70.31709088,29.30409438,0,7,57,,
5056,22-10-2016 00:00,A,57,10026.18823,67.33284233,70.27724609,29.17923611,0,7,57,,
5062,23-10-2016 00:00,A,57,10070.6342,67.34356533,69.30930005,29.33263889,0,7,57,,
5068,24-10-2016 00:00,A,57,10147.09,67.47790434,69.43100804,29.41922276,0,7,57,,
5074,25-10-2016 00:00,A,58,10081.31195,67.48765382,71.21049199,29.44986111,0,7,58,,
5080,26-10-2016 00:00,A,58,10143.98397,67.5019901,71.58995234,29.32736111,0,7,58,,
5086,27-10-2016 00:00,A,58,10093.75834,67.19861261,70.73057938,29.54038862,0,7,58,,
5092,28-10-2016 00:00,A,60,10045.37487,67.56511155,70.52726769,29.42430556,0,7,60,,
5098,29-10-2016 00:00,A,60,10069.76826,67.23698555,70.96464013,29.53909722,0,7,60,,
5104,30-10-2016 00:00,A,60,10078.6961,67.71955443,70.23670118,29.41436502,0,7,60,,
5110,31-10-2016 00:00,A,60,10009.33438,66.74997507,70.16983072,29.24819444,0,7,60,,
5116,01-11-2016 00:00,A,60,10028.64324,67.72802262,70.83435662,29.33159722,0,7,60,,
5122,02-11-2016 00:00,A,60,10042.06769,67.25108285,71.17977549,29.48216516,0,7,60,,
5128,03-11-2016 00:00,A,60,10081.53868,66.87844947,72.61602031,29.46798611,0,7,60,,
5134,04-11-2016 00:00,A,62,10068.85034,66.90294443,70.53006116,29.47979167,0,7,62,,
5140,05-11-2016 00:00,A,62,10033.72568,67.88629903,71.82888553,29.43095073,0,7,62,,
5146,06-11-2016 00:00,A,62,10016.28848,67.20023151,74.45258982,29.64347222,0,7,62,,
5152,07-11-2016 00:00,A,62,10083.68069,67.4809437,73.89633896,29.72256944,0,7,62,,
5158,08-11-2016 00:00,A,62,10076.17878,67.27890581,73.36213722,29.70027759,0,7,62,,
5164,09-11-2016 00:00,A,62,10079.6421,67.808018,72.5188528,29.72604167,0,7,62,,
5170,10-11-2016 00:00,A,62,10077.2999,67.88342533,71.8542733,29.65208333,0,7,62,,
5176,11-11-2016 00:00,A,62,9996.979479,67.13157474,70.67353513,29.71429563,0,7,62,,
5182,12-11-2016 00:00,A,62,10020.82911,68.11376982,70.62473827,29.64194444,0,7,62,,
5188,13-11-2016 00:00,A,62,10081.70624,67.9454009,70.81616428,29.47708333,0,7,62,,
5194,14-11-2016 00:00,A,62,11388.69413,68.13493013,69.41979067,30.54649549,0,7,62,,
5200,15-11-2016 00:00,A,62,11506.63084,68.16469862,70.97556754,30.73715278,0,7,62,,
5206,16-11-2016 00:00,A,61,9790.341318,67.42298635,71.25960071,29.45986111,0,7,61,,
5212,17-11-2016 00:00,A,63,8946.170851,68.17683907,71.45158351,29.13900069,0,7,63,,
5218,18-11-2016 00:00,A,63,8041.90931,67.43105009,70.70149918,28.40736111,0,7,63,,
5224,19-11-2016 00:00,A,64,8102.12975,67.4811664,72.02411018,28.45423611,0,7,64,,
5230,20-11-2016 00:00,A,64,8091.713721,67.35094302,72.19746785,28.48438584,0,7,64,,
5236,21-11-2016 00:00,A,64,8147.358837,67.74478734,74.70770738,28.43506944,0,7,64,,
5242,22-11-2016 00:00,A,64,7988.868064,67.79228844,73.58558829,28.37222222,0,7,64,,
5248,23-11-2016 00:00,A,64,8011.311141,68.25679358,72.53514983,28.59514226,0,7,64,,
5254,24-11-2016 00:00,A,64,7954.307474,67.27586547,72.45573041,28.56243056,0,7,64,,
5260,25-11-2016 00:00,A,64,8029.707625,67.8704619,71.5990646,28.49666667,0,7,64,,
5266,26-11-2016 00:00,A,64,8033.932383,67.90371409,72.77204714,28.573125,0,7,64,,
5272,27-11-2016 00:00,A,64,8044.063264,67.5512793,72.72486044,28.65794587,0,7,64,,
5278,28-11-2016 00:00,A,64,8759.212373,68.40647883,72.63557539,29.11520833,0,7,64,,
5284,29-11-2016 00:00,A,64,9039.116164,67.81713242,71.43426325,29.29625,0,7,64,,
5290,30-11-2016 00:00,A,64,9122.8073,67.5364292,70.6454089,29.01804303,0,7,64,,
5296,01-12-2016 00:00,A,64,8987.474985,68.99230918,73.50450436,29.30125,0,7,64,,
5302,02-12-2016 00:00,A,64,8996.903358,67.64599923,70.60260291,29.17166667,0,7,64,,
5308,03-12-2016 00:00,A,62,9101.222828,67.4367027,70.94169205,29.00687023,0,7,62,,
5314,04-12-2016 00:00,A,62,9154.527194,68.03699527,69.50656944,29.01041667,0,7,62,,
5320,05-12-2016 00:00,A,62,9065.378191,67.76796118,70.43038354,28.88993056,0,7,62,,
5326,06-12-2016 00:00,A,62,9102.067,68.04324697,70.50419428,28.77432339,0,7,62,,
5332,07-12-2016 00:00,A,62,9023.558541,68.02939925,71.4806576,28.92013889,0,7,62,,
5338,08-12-2016 00:00,A,62,9130.602827,67.85078212,70.2443537,28.89104167,0,7,62,,
5344,09-12-2016 00:00,A,62,9112.258934,67.86983579,74.49587611,29.06335878,0,7,62,,
5350,10-12-2016 00:00,A,62,9054.642932,67.97631124,73.64514913,29.13236111,0,7,62,,
5356,11-12-2016 00:00,A,62,8984.130759,68.2926351,74.00742241,28.96465278,0,7,62,,
5362,12-12-2016 00:00,A,62,9043.05598,68.12222152,73.01661159,28.8685635,0,7,62,,
5368,13-12-2016 00:00,A,62,9065.570219,68.0120451,71.95468849,28.63465278,0,7,62,,
5374,14-12-2016 00:00,A,62,9046.158118,68.03402881,72.50364507,28.68694444,0,7,62,,
5380,15-12-2016 00:00,A,62,9127.174745,68.06870521,74.85190946,28.75225538,0,7,62,,
5386,16-12-2016 00:00,A,62,9059.445885,67.75560845,71.86694721,28.64902778,0,7,62,,
5392,17-12-2016 00:00,A,62,9059.541411,68.14446364,73.7450174,28.78430556,0,7,62,,
5398,18-12-2016 00:00,A,62,9027.962536,67.89033946,74.15909807,28.66682859,0,7,62,,
5404,19-12-2016 00:00,A,62,9093.191859,67.61994277,73.80583065,28.80736111,0,7,62,,
5410,20-12-2016 00:00,A,62,9107.784484,67.72218102,74.37418287,28.81798611,0,7,62,,
5416,21-12-2016 00:00,A,62,9045.36572,67.97986436,73.46905754,28.93206107,0,7,62,,
5422,22-12-2016 00:00,A,62,9043.335314,67.96742521,74.94960847,29.01604167,0,7,62,,
5428,23-12-2016 00:00,A,62,9104.991504,68.57612702,73.10560487,29.01548611,0,7,62,,
5434,24-12-2016 00:00,A,62,9075.018304,67.85121366,72.85650796,29.05045108,0,7,62,,
5440,25-12-2016 00:00,A,62,9042.922073,67.82292766,72.57456304,29.12104167,0,7,62,,
5447,26-12-2016 00:00,A,62,9035.069335,68.25485651,72.03987226,29.10895833,0,7,62,,
5454,27-12-2016 00:00,A,65,9065.263433,68.31558111,71.72796511,29.08917418,0,7,65,,
5461,28-12-2016 00:00,A,65,8997.809894,68.10562259,70.50092673,28.99835949,0,7,65,,
5468,29-12-2016 00:00,A,65,9010.74785,67.86594772,71.53225828,28.8264624,0,7,65,,
5475,30-12-2016 00:00,A,65,9045.497365,68.24540639,69.06836639,28.69979181,0,7,65,,
5482,31-12-2016 00:00,A,65,9034.194444,67.99534529,71.09432929,28.74203113,0,7,65,,
5489,01-01-2017 00:00,A,65,9033.635134,67.85026253,72.18284013,28.60875,0,10,65,,
5496,02-01-2017 00:00,A,65,9038.685467,68.64287696,73.72714187,28.72868056,0,10,65,,
5503,03-01-2017 00:00,A,65,9052.414014,68.31420512,75.67020927,28.83976405,0,10,65,,
5510,04-01-2017 00:00,A,64,9142.448478,68.13377784,74.98913315,29.09201389,0,10,64,,
5517,05-01-2017 00:00,A,64,9115.976008,68.11727672,73.94378003,29.31236111,0,10,64,,
5524,06-01-2017 00:00,A,64,9096.669273,68.20079719,71.62619306,29.25863983,0,7,64,,
5531,07-01-2017 00:00,A,64,9094.238626,68.42519618,74.51531714,29.25652778,0,7,64,,
5538,08-01-2017 00:00,A,64,9110.338889,67.87886377,73.57208549,29.21743056,0,7,64,,
5545,09-01-2017 00:00,A,64,9063.809542,68.10902133,71.23911007,29.16439972,0,7,64,,
5552,10-01-2017 00:00,A,64,9105.598574,68.66660671,75.73761532,29.40972222,0,7,64,,
5559,11-01-2017 00:00,A,65,9030.783887,68.38124133,76.09772389,29.42277778,0,7,65,,
5566,12-01-2017 00:00,A,65,9127.581388,67.93867698,72.81421303,29.33095073,0,7,65,,
5573,13-01-2017 00:00,A,65,9084.426097,68.10656611,74.452016,29.42381944,0,7,65,,
5580,14-01-2017 00:00,A,65,9095.189528,68.23762715,74.12428097,29.53993056,0,7,65,,
5587,15-01-2017 00:00,A,65,9154.013771,68.14223449,73.99530641,29.72671756,0,7,65,,
5594,16-01-2017 00:00,A,65,9125.941066,68.08159294,73.53990049,29.81041667,0,7,65,,
5601,17-01-2017 00:00,A,65,9130.60693,68.08847446,72.76683826,29.88034722,0,7,65,,
5608,18-01-2017 00:00,A,65,9085.149563,68.90046616,71.97885416,29.81131159,0,7,65,,
5615,19-01-2017 00:00,A,65,9089.276879,68.96150097,73.97923701,29.59965278,0,7,65,,
5622,20-01-2017 00:00,A,65,9116.993347,68.34336545,76.40261905,29.47194444,0,7,65,,
5629,21-01-2017 00:00,A,65,9111.455074,68.75731422,74.00388084,29.29229702,0,7,65,,
5636,22-01-2017 00:00,A,65,8972.251305,68.67892939,74.55491741,29.61888889,0,7,65,,
5642,23-01-2017 00:00,A,65,9071.898237,68.69199903,73.8413371,29.35076389,0,7,65,,
5648,24-01-2017 00:00,A,65,9137.728495,68.18939469,74.03360875,29.51554476,0,7,65,,
5654,25-01-2017 00:00,A,65,9067.558434,68.14280469,74.15073098,29.55472222,0,7,65,,
5660,26-01-2017 00:00,A,63,9076.805751,68.57130585,72.73396855,29.64458333,0,7,63,,
5666,27-01-2017 00:00,A,63,9061.354517,68.22345976,74.04145266,29.57737682,0,7,63,,
5672,28-01-2017 00:00,A,63,9095.347322,68.3649089,72.66118343,29.30777778,0,7,63,,
5678,29-01-2017 00:00,A,63,9054.913281,68.16847569,73.29897991,29.30588235,0,7,63,,
5684,30-01-2017 00:00,A,63,9126.082333,67.71779207,76.37656542,29.32055556,0,7,63,,
5690,31-01-2017 00:00,A,63,9045.626154,68.09202626,75.54655425,29.39132547,0,7,63,,
5696,01-02-2017 00:00,A,63,9089.708064,68.17088035,72.86439822,29.47493056,0,7,63,,
5702,02-02-2017 00:00,A,63,9127.458183,68.860024,75.36347137,29.58222222,0,7,63,,
5708,03-02-2017 00:00,A,62,9027.42084,68.77450723,75.83998923,29.58619015,0,7,62,,
5714,04-02-2017 00:00,A,62,9042.18547,68.22204977,74.71908692,29.55236111,0,7,62,,
5720,05-02-2017 00:00,A,62,9113.16283,68.43063509,73.2007303,29.72979167,0,7,62,,
5726,06-02-2017 00:00,A,62,9092.523528,68.93979853,76.32725246,29.84760583,0,7,62,,
5732,07-02-2017 00:00,A,62,9097.791391,68.58389761,76.40262268,29.87298611,0,7,62,,
5738,08-02-2017 00:00,A,62,9043.319047,69.02122686,76.8463115,29.74118056,0,7,62,,
5745,09-02-2017 00:00,A,62,8995.342287,68.60311168,76.11164142,29.8721721,0,7,62,,
5752,10-02-2017 00:00,A,62,8994.989239,69.03599952,75.53160764,29.933125,0,7,62,,
5759,11-02-2017 00:00,A,62,9023.253579,69.23848134,71.66431869,30.15736111,0,7,62,,
5765,12-02-2017 00:00,A,62,9046.551574,68.58865489,72.14097563,30.12944444,0,7,62,,
5771,13-02-2017 00:00,A,62,9010.999822,69.09950764,71.58329788,30.26266482,0,7,62,,
5777,14-02-2017 00:00,A,62,9062.231696,69.03595133,76.40365927,30.38736111,0,7,62,,
5784,15-02-2017 00:00,A,62,9014.240674,69.28153328,77.07673879,30.49486111,0,7,62,,
5791,16-02-2017 00:00,A,62,9081.856545,69.24236964,75.45348294,30.24723969,0,7,62,,
5797,17-02-2017 00:00,A,62,9049.864142,69.56053307,78.90877111,29.94637883,0,7,62,,
5803,18-02-2017 00:00,A,62,9027.732718,68.74161848,76.99794375,29.81125,0,7,62,,
5809,19-02-2017 00:00,A,62,9094.949241,68.99488731,75.62604509,29.75097222,0,7,62,,
5815,20-02-2017 00:00,A,62,9034.805642,68.83190542,75.72028824,29.84784722,0,7,62,,
5821,21-02-2017 00:00,A,62,9071.232462,69.34207427,72.55169379,30.02553782,0,7,62,,
5827,22-02-2017 00:00,A,62,9034.138168,69.031479,72.87435642,30.11201389,0,7,62,,
5833,23-02-2017 00:00,A,62,9053.736572,69.54957969,71.48783846,29.99965278,0,7,62,,
5839,24-02-2017 00:00,A,63,9076.517562,69.00127598,72.33476385,29.90090278,0,7,63,,
5845,25-02-2017 00:00,A,63,9065.317448,68.95027651,71.88118053,30.03421235,0,7,63,,
5851,26-02-2017 00:00,A,63,9060.472251,69.40764841,72.55094177,29.92854167,0,7,63,,
5857,27-02-2017 00:00,A,63,9072.899128,69.39652347,73.72972077,29.99638889,0,7,63,,
5863,28-02-2017 00:00,A,63,9040.29166,69.41327989,78.07095705,29.86361111,0,7,63,,
5869,01-03-2017 00:00,A,63,9038.607076,69.68396186,74.27413344,29.8833449,0,7,63,,
5875,02-03-2017 00:00,A,63,9015.291458,69.38543144,72.08678943,30.08951389,0,7,63,,
5881,03-03-2017 00:00,A,63,9038.465264,69.24990418,72.2026571,30.08284722,0,7,63,,
5887,04-03-2017 00:00,A,63,9091.916083,69.65831389,72.02590804,30.0875,0,7,63,,
5893,05-03-2017 00:00,A,63,9120.651213,69.45642544,74.30783338,30.04663428,0,7,63,,
5899,06-03-2017 00:00,A,63,9093.319561,69.3533229,75.24871362,30.14506944,0,7,63,,
5905,07-03-2017 00:00,A,63,8997.801899,68.94873144,71.60945465,30.1501747,0,7,63,,
5911,08-03-2017 00:00,A,63,9026.642979,69.46638127,75.65476735,30.33215278,0,7,63,,
5917,09-03-2017 00:00,A,63,9019.433131,69.60669728,76.54463479,30.38813324,0,7,63,,
5924,10-03-2017 00:00,A,63,8996.583407,69.26278967,75.66273099,30.32909722,0,7,63,,
5930,11-03-2017 00:00,A,63,9020.400675,69.1228692,73.3714282,30.32847222,0,7,63,,
5937,12-03-2017 00:00,A,63,9040.126612,69.32997961,71.46043573,30.24913255,0,7,63,,
5944,13-03-2017 00:00,A,63,9011.554799,69.3352998,75.05973093,30.26093969,0,7,63,,
5951,14-03-2017 00:00,A,63,9057.788831,69.48644067,75.8605549,30.34219292,0,7,63,,
5958,15-03-2017 00:00,A,63,9071.747418,69.917702,72.41664104,30.36611111,0,7,63,,
5965,16-03-2017 00:00,A,63,9038.276986,69.29344885,74.70308208,30.40930556,0,7,63,,
5972,17-03-2017 00:00,A,63,9002.561465,70.09361515,76.66149131,30.60964608,0,7,63,,
5979,18-03-2017 00:00,A,63,9032.019364,69.40857837,76.15127195,30.60642541,0,7,63,,
5986,19-03-2017 00:00,A,63,9063.371123,69.5315805,74.43605134,30.66541667,0,7,63,,
5993,20-03-2017 00:00,A,63,9049.146652,70.09015101,75.25130711,30.80180556,0,7,63,,
6000,21-03-2017 00:00,A,63,9072.821772,70.0571278,74.07599697,30.80694444,0,7,63,,
6007,22-03-2017 00:00,A,63,9028.616213,69.72040448,73.58481092,30.76273421,0,7,63,,
6014,23-03-2017 00:00,A,59,9016.564377,69.31093888,73.31192585,30.64472222,0,7,59,,
6022,24-03-2017 00:00,A,59,9055.615958,69.98756525,74.00609968,30.91583333,0,7,59,,
6029,25-03-2017 00:00,A,59,9064.207538,69.8387193,73.88165398,30.80333333,0,7,59,,
6036,26-03-2017 00:00,A,59,9028.028108,70.50895564,75.46829106,30.94850798,0,7,59,,
6043,27-03-2017 00:00,A,59,9020.728422,69.64213443,73.09858811,30.91791667,0,7,59,,
6050,28-03-2017 00:00,A,58,9010.825779,70.64787228,76.73867528,31.08020833,0,7,58,,
6057,29-03-2017 00:00,A,58,9025.114651,70.28719196,76.48206273,30.99798611,0,7,58,,
6064,30-03-2017 00:00,A,58,9078.895614,70.3597516,76.39906423,30.96252602,0,7,58,,
6071,31-03-2017 00:00,A,58,9092.317758,69.57874524,74.14446352,30.975625,0,7,58,,
6078,01-04-2017 00:00,A,58,9019.567243,69.56395708,75.71142649,30.97770833,0,7,58,,
6085,02-04-2017 00:00,A,58,9013.29417,69.55085101,77.05276317,31.14152778,0,7,58,,
6092,03-04-2017 00:00,A,58,9042.811198,70.36420391,77.22194939,31.08272033,0,7,58,,
6100,04-04-2017 00:00,A,58,9027.769105,70.50424404,75.81724881,31.24810308,0,7,58,,
6108,05-04-2017 00:00,A,58,9016.920827,69.73977306,76.38332501,31.28410072,0,7,58,,
6116,06-04-2017 00:00,A,58,9002.177585,70.15030041,74.00402458,31.40409438,0,7,58,,
6124,07-04-2017 00:00,A,58,8996.687086,70.04884501,73.44059764,31.28243056,0,7,58,,
6131,08-04-2017 00:00,A,58,9000.086457,70.50712871,72.38071495,31.17847222,0,7,58,,
6138,09-04-2017 00:00,A,58,9007.388677,70.14485029,74.38978548,31.2111034,0,7,58,,
6145,10-04-2017 00:00,A,58,9071.522484,70.44007005,76.59615365,31.3575,0,7,58,,
6152,11-04-2017 00:00,A,58,8996.950321,70.60730431,74.18305318,31.27506944,0,7,58,,
6159,12-04-2017 00:00,A,58,9006.946031,70.58953912,73.43449163,31.37668286,0,7,58,,
6166,13-04-2017 00:00,A,58,9019.203569,70.06406441,72.8875434,31.44013889,0,7,58,,
6173,14-04-2017 00:00,A,58,9030.606249,70.05729389,74.0199855,31.33458333,0,7,58,,
6180,15-04-2017 00:00,A,56,9071.807676,70.36807103,73.2656262,31.40145732,0,7,56,,
6187,16-04-2017 00:00,A,56,9078.686975,70.64746526,72.01592954,31.40652778,0,7,56,,
6194,17-04-2017 00:00,A,56,9110.115723,70.89028528,74.8371545,31.45694444,0,7,56,,
6201,18-04-2017 00:00,A,56,9069.394647,70.62491806,73.4336523,31.48542679,0,7,56,,
6208,19-04-2017 00:00,A,56,9027.921758,70.09238292,74.46943341,31.458125,0,7,56,,
6215,20-04-2017 00:00,A,56,9023.578668,70.7401806,73.1726863,31.55611111,0,7,56,,
6222,21-04-2017 00:00,A,56,9071.755793,70.90432232,75.2968635,31.56169327,0,7,56,,
6229,22-04-2017 00:00,A,56,9045.61158,70.80693169,74.3823366,31.62923401,0,7,56,,
6236,23-04-2017 00:00,A,56,9049.205202,71.0156603,72.49072764,31.57833333,0,7,56,,
6243,24-04-2017 00:00,A,56,9096.545093,70.18133329,73.51366269,31.77256944,0,7,56,,
6250,25-04-2017 00:00,A,56,9023.176213,70.12949329,72.09937576,31.68091603,0,7,56,,
6257,26-04-2017 00:00,A,56,9062.239482,70.9877177,74.6927209,31.67722222,0,7,56,,
6264,27-04-2017 00:00,A,56,8996.175391,70.52198902,72.74949504,31.68548611,0,7,56,,
6271,28-04-2017 00:00,A,60,8972.425882,71.34001907,73.10966841,31.90451076,0,7,60,,
6278,29-04-2017 00:00,A,60,9013.410404,70.35282137,71.99987379,31.89868056,0,7,60,,
6285,30-04-2017 00:00,A,60,9047.544876,71.05278652,71.67684709,31.72895833,0,7,60,,
6292,01-05-2017 00:00,A,60,9099.171428,71.17844002,73.603527,32.09583333,0,7,60,,
6299,02-05-2017 00:00,A,55,9073.413014,70.72742854,72.54297625,32.21721027,0,7,55,,
6306,03-05-2017 00:00,A,55,9033.574355,70.76304438,71.85955806,32.06756944,0,7,55,,
6313,04-05-2017 00:00,A,55,8973.693504,71.15079167,74.07342312,31.885,0,7,55,,
6320,05-05-2017 00:00,A,55,8982.924821,71.10049803,72.11986188,31.85308813,0,7,55,,
6327,06-05-2017 00:00,A,55,8962.162233,70.88256364,72.79971341,31.89798611,0,7,55,,
6334,07-05-2017 00:00,A,55,8999.890498,71.39108407,73.42590114,32.17423611,0,7,55,,
6341,08-05-2017 00:00,A,55,9025.642586,71.4245955,72.82747076,32.34125,0,7,55,,
6348,09-05-2017 00:00,A,55,8967.928605,71.65702363,74.37522876,32.29111728,0,7,55,,
6355,10-05-2017 00:00,A,55,9062.811755,70.82934871,73.19895635,32.17701389,0,7,55,,
6362,11-05-2017 00:00,A,55,9030.188907,71.04346281,72.20510702,32.19811584,0,7,55,,
6369,12-05-2017 00:00,A,55,8925.487611,72.01409736,74.62223236,32.31736111,0,7,55,,
6376,13-05-2017 00:00,A,54,8942.798441,71.61277861,73.42372377,32.02472222,0,7,54,,
6383,14-05-2017 00:00,A,54,8976.675461,71.1804473,73.87432836,32.15048611,0,7,54,,
6390,15-05-2017 00:00,A,54,8980.752152,71.74930609,73.24028638,32.22088827,0,7,54,,
6397,16-05-2017 00:00,A,54,8971.775886,71.79382721,73.36687564,32.21083333,0,7,54,,
6404,17-05-2017 00:00,A,54,8989.937867,71.18570403,74.44458077,32.41708333,0,7,54,,
6411,18-05-2017 00:00,A,54,8980.095933,71.57056107,72.93902413,32.35791667,0,7,54,,
6418,19-05-2017 00:00,A,54,9059.361837,71.96926227,73.60531316,32.32338654,0,7,54,,
6425,20-05-2017 00:00,A,54,9041.773099,72.04892264,73.68370679,32.36673611,0,7,54,,
6432,21-05-2017 00:00,A,54,8963.226595,71.53538517,72.91304607,32.3775,0,7,54,,
6439,22-05-2017 00:00,A,55,9007.960427,71.48441385,73.25920119,32.49305556,0,7,55,,
6446,23-05-2017 00:00,A,55,8952.519031,71.83098992,73.82275552,32.69535045,0,7,55,,
6454,24-05-2017 00:00,A,55,9032.555874,71.25076499,74.0721844,32.80041667,0,7,55,,
6462,25-05-2017 00:00,A,55,8997.695481,72.25225308,73.38527141,32.99354167,0,7,55,,
6470,26-05-2017 00:00,A,55,8980.048024,71.61080743,74.48350885,32.94194444,0,7,55,,
6477,27-05-2017 00:00,A,55,8943.762453,72.16276849,74.26157889,32.90687023,0,7,55,,
6484,28-05-2017 00:00,A,54,8973.062461,72.09983616,73.89950671,32.61763889,2,7,56,,
6491,29-05-2017 00:00,A,54,8953.552763,71.62121888,74.66691934,32.653125,2,7,56,,
6498,30-05-2017 00:00,A,54,8961.387588,71.86505177,74.53610789,32.671875,2,7,56,,
6505,31-05-2017 00:00,A,54,8922.120937,71.86437378,74.18929545,32.38959056,2,7,56,,
6512,01-06-2017 00:00,A,54,8903.23906,71.98099498,73.53844129,32.41555556,2,7,56,,
6519,02-06-2017 00:00,A,53,8966.371851,71.98182473,74.21160807,32.42805556,2,7,55,,
6526,03-06-2017 00:00,A,53,8960.437073,71.73897783,72.9530881,32.15006944,2,7,55,,
6533,04-06-2017 00:00,A,53,8944.695583,72.08223717,74.05279107,32.53997224,2,7,55,,
6540,05-06-2017 00:00,A,53,9007.793514,71.72740243,72.79283002,32.23548611,2,7,55,,
6547,06-06-2017 00:00,A,53,8981.953224,71.73057561,74.28765407,32.34881944,2,7,55,,
6554,07-06-2017 00:00,A,53,9009.655678,71.83626233,72.3441768,31.58138889,2,7,55,,
6561,08-06-2017 00:00,A,53,9049.935129,71.95858355,73.67839358,32.07938931,2,7,55,,
6568,09-06-2017 00:00,A,53,8963.898262,71.8273576,74.69838095,32.25770833,2,7,55,,
6575,10-06-2017 00:00,A,56,8903.121547,71.69017364,74.14968733,32.40819444,1,7,57,,
6582,11-06-2017 00:00,A,56,8980.514403,72.7313724,72.96365929,32.08048611,1,7,57,,
6589,12-06-2017 00:00,A,56,9015.542161,72.48137132,74.07810851,31.59930604,1,7,57,,
6596,13-06-2017 00:00,A,56,8942.146949,71.80125318,74.81010725,31.65229167,1,7,57,,
6603,14-06-2017 00:00,A,56,8947.918699,71.68348181,74.80201843,31.61076389,1,7,57,,
6610,15-06-2017 00:00,A,56,8933.168313,71.95922628,74.80890409,31.59486111,1,7,57,,
6617,16-06-2017 00:00,A,56,9011.046413,72.58472364,74.1036082,31.58466343,1,7,57,,
6624,17-06-2017 00:00,A,56,8957.008395,72.23904101,74.65982415,31.48333333,1,7,57,,
6632,18-06-2017 00:00,A,56,9016.053981,71.72052331,73.57839263,31.56590278,1,7,57,,
6640,19-06-2017 00:00,A,56,8974.018268,72.19754285,74.56034679,31.62430556,1,7,57,,
6648,20-06-2017 00:00,A,55,8951.885824,72.54422814,75.11047238,31.47696044,1,7,56,,
6656,21-06-2017 00:00,A,55,8995.846006,72.23076851,73.99653935,31.43215278,1,7,56,,
6664,22-06-2017 00:00,A,55,8978.35434,72.23004023,74.24743238,31.44487871,1,7,56,,
6672,23-06-2017 00:00,A,55,8888.658923,72.30795107,74.60265387,31.47280702,1,7,56,,
6680,24-06-2017 00:00,A,55,8994.74381,72.54955041,74.87680025,31.51445448,1,7,56,,
6688,25-06-2017 00:00,A,55,8953.337441,72.27023246,75.38517277,31.39569444,1,7,56,,
6696,26-06-2017 00:00,A,56,8963.17083,72.43149011,75.35565632,31.39292158,1,7,57,,
6704,27-06-2017 00:00,A,56,9015.765856,71.92310833,74.16596137,31.16305556,1,7,57,,
6712,28-06-2017 00:00,A,56,8969.876613,72.39195995,74.17481874,31.47597222,1,7,57,,
6720,29-06-2017 00:00,A,56,8998.859933,72.18807294,75.04554365,31.19083969,1,7,57,,
6728,30-06-2017 00:00,A,56,8969.336886,72.04705187,73.1463667,30.93986111,1,7,57,,
,,,,,,,,,,,,
,avg,,61.482,8807.831,66.944,74.393,29.596,0.354,7.491,61.837,,
,max,,74.000,12809.396,72.731,117.211,41.968,4.000,11.000,74.000,,
,min,,24.000,5868.843,47.875,31.468,16.574,0.000,7.000,24.000,,
,mode,,62.000,#N/A,#N/A,#N/A,25.439,0.000,7.000,63.000,,
